case_id,address,category,stratum,selected,bundle_sha256,n_legs,n_history,n_decoded,anchor_fallback,pair_E1,pair_E2,pair_E3,clean_E1,clean_E2,clean_E3,inverted,pair_agree,n_pairs,adjudicator,unanimous,overridden
case_001,6BQwXUooL9HBki29v1hMVkSutFdLfgaEYbhmrQjtsjty,standard,control_fail_FG,False,ce7ca37be4ebd372eeecb10376c011a8a6efffc32264d98194a7996ffb392d9b,145,120,12,False,yes,yes,yes,8,8,8,1,3,3,yes,True,False
case_002,Ccc4Rdr64uDmpMj297ahQdXMdy5m4ikVKeAKCQ2XDQJY,standard,control_fail_SC,False,3176e2a97dfe6c61c44c39c5f1681fd6de590c3d4e2e90cb56644d7b4edb0fda,206,120,12,False,yes,yes,yes,4,4,4,6,3,3,yes,True,False
case_003,FRPJJg4RHyUjgvtSRvWhKfMvtB2AfrXxqMTeJoh6cvWD,standard,selected,True,802b43909c24d0c8cfe2ccad95fb874694b558f45d070e1ee6f6e425f12d12f6,59,120,12,False,yes,yes,yes,9,9,9,0,3,3,yes,True,False
case_004,JBzU99LYekSFhThpv4xHWDo4aC9eM1QKHULhio3owv7T,standard,selected,True,af97369145b38809e81c053c5296c1e7768b1e656599f9a48071af1560838c3e,219,120,12,False,yes,yes,yes,8,8,8,0,3,3,yes,True,False
case_005,4cyvoMJEz59GRe3MkNrDBhdj5ib68jJxXeXCECQSCBCE,standard,control_fail_both,False,05a0461a63de8561f83ccc959488b758d6d9296783569361f4d5b4aadf5ce091,95,120,12,False,yes,yes,yes,4,4,4,6,3,3,yes,True,False
case_006,7SLPYMSA5FxaEvJRk7C6Pxav8KSWt7xcqGw4no4s8p7z,standard,control_fail_FG,False,6caf3dd43585aa86037eac9a6d69390ce05f44d7a5f7c69868ba475467ef5d07,96,120,12,False,yes,yes,yes,6,6,6,3,3,3,yes,True,False
case_007,hnu5iBK8UoHb51UFsH1RYTUAYdrhjHvV5YMTf9T1CYN,standard,selected,True,7bdda2ab41fd9387a4d1a1b544e2ab8a96c9adf563b585eaf2d740da3116cd24,210,120,12,False,yes,yes,yes,9,9,9,1,3,3,yes,True,False
case_008,6opA5DdsF6o6yrmJx5LQtcmA9MzQC2cTYs2Ui1fhraHd,standard,selected,True,d64918c21e097ed459b783d253b11d7274397ad26cdd449714559896b74a785b,70,120,12,False,yes,yes,yes,4,4,4,6,3,3,yes,True,False
case_009,DULT3N7RRiWqemwZt556qnMaikzEuQvju6yhZRz6MRAg,standard,selected,True,13b23d7b9722152c6a2b3c41e5426a39addbd6180319ba14e59ea9a86bf2b4be,108,120,12,False,yes,yes,yes,8,8,8,1,3,3,yes,True,False
case_010,DULT2qC5mH15gxTKbrFgxEVHrNeKbkAkNYoq4gU5knL8,standard,selected,True,ffe28fb7a2ff7eaf5a257a0ec816baf5d318992195cf551db89822ba7a15f6c9,111,120,12,False,yes,yes,yes,9,9,9,1,3,3,yes,True,False
case_011,3dxumrqyTTobqtoWZz7ujnh1vpJMCKj2hUo65r3tnXHM,standard,selected,True,1596890eb090d8bfbc3a0857410ad8535b5e1a75063c30b42cbbfe781ec7fbf9,72,120,12,False,yes,yes,yes,8,8,8,0,3,3,yes,True,False
case_012,zzzCaz9jTFBka6vypB26BeyKK9BTqyFYyFzqZtM6sUa,standard,selected,True,84e895c3167cb871cb9a0c50caaa8677f1c94bc7c07ca1b7b74a2bdc2445102b,112,120,12,False,yes,yes,yes,10,10,10,0,3,3,yes,True,False
case_013,61nUtgxC6Nvkg2MxoLPTjGaudMB6bFMbmj3CctfP1TMh,standard,selected,True,75db0d61183e70e427c189cefebe2a3b93801a3ae63d951922cf8a0cd7b1df83,83,120,12,False,yes,yes,yes,9,9,9,1,3,3,yes,True,False
case_014,7zEvrNE9CwY4duBu8v7KzwAvuS27qfaBaXA1kJ6LaCFD,standard,control_fail_both,False,a4edcfff45a85ca329642b781c1d842b30bcf41b3e89f5c76b7f828da41bcf7a,36,120,12,False,no,no,no,0,8,0,0,2,3,no,True,False
case_015,4UK5Nki9MDgWn5q5aHLsV36kxyipT9mBzwTF1MwvvMoa,standard,selected,True,8a4b500cf838a5c191e3198ecdffa3849f584cfe73d2170f0092777db37a3e17,87,120,12,False,yes,yes,yes,10,10,10,0,3,3,yes,True,False
case_016,2mRYZQP4FvB3BWEBfoDB2g5eUPbPco3Tjs6i4N4cHhog,standard,control_fail_SC,False,12ec26e2b7d6978d8d218d9988d201a45226ac9d37821696584c2a82fdcfd239,96,120,12,False,yes,yes,yes,3,3,3,7,3,3,yes,True,False
case_017,AYo5yYa5h2i2iCrsdLNFbtS8DAvwWtiAj3KPurx2DKch,standard,selected,True,c18ed93251d0207e0fbe9ac748804ec1087bb0c6959372ac63199139a92649f1,127,120,12,False,yes,yes,yes,7,7,7,2,3,3,yes,True,False
case_018,FiAPe3q5TFYfYu4fP2ySMLRE9qfkAEYLsk2JaPaavvuW,standard,selected,True,a12153c918a5ec5796852dac0c713e54e493857b09175a4e08c892a21e632555,104,120,12,False,yes,yes,yes,9,9,9,1,3,3,yes,True,False
case_019,GrehxZss67nnc7AzrFRLc5vsuRqNHKLjDuvzjeh52xVu,standard,selected,True,f693ddcd76923430e95f9f6a1d48064bf61561b2770652d3df059dd7f3b8d226,157,120,12,False,yes,yes,yes,8,8,8,2,3,3,yes,True,False
case_020,9Bzr6Thca5CkSLFXRuENMXBwxgee16JVsZda5aunUZNA,standard,control_fail_both,False,5864acfb0757e1b284fe0703010c764f343d683387e73065b2705a68e2006cd5,54,120,12,False,yes,yes,yes,4,4,4,5,3,3,yes,True,False
case_021,EShTSpYJjjUbqi2QL92R7GcHiqdvdPSkryDYNSaHue15,standard,control_fail_both,False,4b1477a60bdde1ced04d6ddf096845b00417179dac4a6d8d6628448478a0dda1,107,120,12,False,yes,yes,yes,8,8,8,2,3,3,yes,True,False
case_022,DULT2ijn8FaUagyqTCbuidDiADUxXK9aJV1Ghi6EfhE5,standard,selected,True,a243eee046329bcc0b13f0c18d074e1ae322aa26fcd5fa781748bc9340ca33ca,89,120,12,False,yes,yes,yes,10,10,10,0,3,3,yes,True,False
case_023,CX7HYiparsQFRaD1F3torvumBCoTYNA7jyPzn8PkHPuQ,standard,selected,True,3480cbc42bed2d4de88f427dd1cb0b5c60c15ff986a7dac50ed7d34ba930e1f4,134,120,12,False,yes,yes,yes,9,9,9,1,3,3,yes,True,False
case_024,DKvJD5BYRE1nNVULwst1T8hTvEgs8HP7TnGeM2G9dwqQ,standard,selected,True,60a90c0da369b637ef4389e51ade30ed7d965c8a6899c663cfe40054b9941d5a,170,120,12,False,yes,yes,yes,9,9,9,0,3,3,yes,True,False
case_025,4kPDHN5NPGPJn17Txk1K6HH2rhyqm1XKf18PFVXPbyf4,standard,selected,True,17d7575ffc4a77214a75ab3021ff48e8f6f076f71320f70886318405ddfd5b3b,92,120,12,False,yes,yes,yes,10,10,10,0,3,3,yes,True,False
case_026,8uLkRxSsNba1UocG6SicKHif7yuUXQWPFm1xCnFHGCKT,standard,control_fail_FG,False,71c0c9a09ac10a3c0d78f47f96cd7f3549cd723822bdddd45aa5c3f26db68a0e,78,120,12,False,yes,yes,yes,6,6,6,4,3,3,yes,True,False
case_027,FdHEV7sRsHJch6LmnEBtzLtU28zK3Dogb9tbhXLNyyGT,standard,selected,True,9cca8f55c8c36ebf61e807e234a0a821cfe16053ac5440133fc4972449e909c1,291,120,12,False,yes,yes,yes,10,10,10,0,3,3,yes,True,False
case_028,92MZw35nSRYbyVFZEu8XwB7U2Ta2mUxzN1FvDLYHEVmc,standard,selected,True,865f50565311a3518e2c4c9bbef4b52b7f763e7f0479575d1a3e32b11c71b22c,62,120,12,False,yes,yes,yes,8,8,8,2,3,3,yes,True,False
case_029,BbVXSVWEYcd6riP97fW5Dk4W6dfgMQjPvnVaDYqF81dj,standard,selected,True,bfd82abc3e58413870937ffaff5270597d97a65b8fb2e5e115bab09b5ca496a1,71,120,12,False,yes,yes,yes,9,9,9,1,3,3,yes,True,False
case_030,7NBMEiAMXTSwAapRaajXE6L7qGodGszjsKsGt4Ea7fzJ,standard,selected,True,c1cf86e896897837adc948974b86f935646823ed20a045f2dda19acf45faba38,73,120,12,False,yes,yes,yes,10,10,10,0,3,3,yes,True,False
case_031,DULTRZBKB4nmRbUxKRHuSXxsw4gQFzLGeCoRRCqxcnoL,standard,selected,True,001f217fc5cd034ab14e78fc26c59476b5cce43c36424950a0992d2b849319fa,191,120,12,False,yes,yes,yes,9,9,9,0,3,3,yes,True,False
case_032,DULTc1MzmAEN2o8p4kWhdZ3X3MjDvqb7Dxfmcn1ctpmM,standard,selected,True,338e714a7e5d8aa0252d52dbee8b44cdac09af26d1b3fed251743eeba11560da,95,120,12,False,yes,yes,yes,10,10,10,0,3,3,yes,True,False
case_033,7CtW3vMTyNm9u8ByWWoTjGg7XYZteUjYwjEevHypVHb4,standard,selected,True,3ff5f88f321a55414a2034ae61ff1337960b75d37db148b64c0230b08573c955,34,120,12,False,yes,yes,yes,10,10,10,0,3,3,yes,True,False
case_034,DULTfcZFLLnBsaUP5k3jC1YMqQZhu762DjKtVaHf2cNV,standard,selected,True,8b6154f0cbf84f9474b244f1eedee3382195a36b4e96551d6989e2d2d7ff39cd,132,120,12,False,yes,yes,yes,9,9,9,0,3,3,yes,True,False
case_035,v1ccXozGDbLno45b8varH1ih6xRrDWEqF1hdFfwnDcc,standard,selected,True,371f0c5e95ff0d03ac4d5106a55e1ca1cc3c48dbeee06649bb50b5d9534a0617,149,120,12,False,yes,yes,yes,10,10,10,0,3,3,yes,True,False
case_036,8Fz9Y1ma3dSUKbpEtUkn5Abmd52HAPM5X3XYun1L7S6S,standard,selected,True,1ed74e64149f9f7a1fd53b322ffc34da253402694f5d96283555f55127e90675,90,120,12,False,yes,yes,yes,8,8,8,2,3,3,yes,True,False
case_037,GQZg8WfTKcn1Axgc9mk1ihLhaSX9Mgb6A94UL2VkQ7sY,standard,control_fail_SC,False,908ea5d41b78fe6c4d730a0abb4bbb748c6025a782f17c40331447d00947f07c,46,120,12,False,yes,no,yes,10,0,10,0,3,3,yes,False,False
case_038,8dXb8GDfpyusig3NyshPLebfRCnQ3MaVodzeYZBjgatC,standard,selected,True,7ed6cc09aa9a053050d58daabe5934435f2869fda5cedb4f8c1d77e51bcf8999,140,120,12,False,yes,yes,yes,9,9,9,0,3,3,yes,True,False
case_039,ron7XERDF3HNTxsPtoPiXEZ8psVaqSkAs3Twj1yxV5x,standard,selected,True,25befe40130248f2d513427edd304293882c933412e78f15c6f68d78f63f1651,190,120,12,False,yes,yes,yes,7,7,7,3,3,3,yes,True,False
case_040,3vNb7Lo9Xc8DBKhBfvzq8q1zUUca42BTDATRJmYrwrJK,standard,control_fail_FG,False,1e3cb7e92d9c0229a1f53f38ead5832b1b4e46fe1fd64980242116861edd8559,78,120,12,False,yes,yes,yes,4,4,4,4,3,3,yes,True,False
case_041,2cvcbA8KUFwtZ5KpwQoYr6TUMYfaVAv8zEkQxHSVraiY,standard,control_fail_both,False,8e555569f276139ee5103d3d2d11815eaf5b5776cfb22804dc8a87bf93bd8446,34,120,12,False,no,no,yes,0,0,10,0,2,3,no,False,False
case_042,9ovvtwEMhojiW4QsaqzAZDYGKB78SBiq7hwfkMbbcGpS,standard,selected,True,bd316305539c1a49e4ca80bd25d21a3c6cf404015bba1b36a402d1f4f3216764,35,120,12,False,yes,yes,yes,9,9,9,0,3,3,yes,True,False
case_043,2heabgWobxiYtvvg7WkSSMvwLjpBixxXvspQyXfCmKkc,standard,selected,True,05f61bbb9deeee43c6febe84f94bfc8e4ed2dfabce67562e4292ed9387acf9d6,145,120,12,False,yes,yes,yes,9,9,9,1,3,3,yes,True,False
case_044,DULTBS7c4FiFvSi1UsdjPLWUqoiyF7eiJZKJFGHvVtAK,standard,selected,True,a79bc6a1811efd775d674e177e0c520e578da4cde3b0b79416fa9b2005a06df3,109,120,12,False,yes,yes,yes,9,9,9,0,3,3,yes,True,False
case_045,JBh4bokJ1XJ4vBX8qz3ZLKy9pseRFdr2feUi39gKh6dQ,standard,control_fail_both,False,f1de54284e3d556409c86c48aa4a99249dff6a1fc91b55c0e135d8af1f3a12f7,145,120,12,False,ambiguous,yes,yes,0,6,6,4,3,3,yes,False,False
case_046,Magic1wMPxMJbUNH9s6LWmyfBWpLufrMGDiqozyCPLH,standard,selected,True,54ef8f0b242ea5536dfa18062bfa841a85b6b04e25de2ce6b1af21ce41bdc1a6,148,120,12,False,yes,yes,yes,5,5,5,4,3,3,yes,True,False
case_047,torgrQE5v8CCwSCqwdeifKNBL3t7TqPcXwuW6vCiJ4B,standard,selected,True,01b64c672316d0ed994bbc1f2382e28f6765301eac8a3749d2a7dcc4c29dfa8e,136,120,12,False,yes,yes,yes,10,10,10,0,3,3,yes,True,False
case_048,59HaiZPiSeeLX57JrnV5rmMaARuF6wkJKyerryEin34m,standard,control_fail_both,False,a401a568c19895c5e964eddc8e22d72e76c640e4a2e52f6f696784085910ff58,60,120,12,False,no,no,ambiguous,0,0,6,4,2,3,no,False,False
case_049,AkEqXWhYnnDGc4txbd3Y1CjAH6bVGoEhvgEV7N9f6fpS,standard,selected,True,cf1821bf8a2dd0b7d3a833b6ac79dfb1d1dfdb63f0a532b80aae1e88f1b4674c,153,120,12,False,yes,yes,yes,8,8,8,2,3,3,yes,True,False
case_050,CfJ1fjJCRNDNEzgawEwB4e4D1QnnSn7SAz8Dq9BhgCtH,standard,control_fail_FG,False,2dc737428c9418f0a547e1f4fea4da7bb825945f1bc2d209aeab5c3ab2644e90,216,120,12,False,yes,yes,yes,9,9,9,1,3,3,yes,True,False
case_051,94iQuYjVgTwGXxtM7ywfpzfLvx3gN4oQRuc9osRE2pEm,standard,control_fail_FG,False,667fed528b2eb98d6918f93553a47fe5fd3a78d3e879f28d1f95ac419622655e,90,120,12,False,yes,yes,yes,9,9,9,1,3,3,yes,True,False
case_052,CvRw2LQ8cJasvtKGXhhjCWAu1r2U5jpTjm2DuBVFrEjf,standard,control_fail_FG,False,a1c2d589eb00fe7839f16b4384c910357d82a5e157680eeca04e26920239fd07,106,120,12,False,yes,yes,yes,8,8,8,0,3,3,yes,True,False
case_053,4hASKAobJourFvMS5SktVhB8B4mnPXUzekdS3ihm1VGg,standard,selected,True,e9ab0ea4336ada1242f88b49739e44cb137197bbe1b47519db1addcb9a2cc11d,34,120,12,False,yes,yes,yes,10,10,10,0,3,3,yes,True,False
case_054,9asBCQqp2o5BicHWPJZJ1RBh8hKQR76rejKgkQkzNwPy,standard,control_fail_FG,False,bb3123fc2ff218873c12b9b8a25c7b3c8c271e4e97fcc91915646242d07bd315,122,120,12,False,yes,yes,yes,8,8,8,1,3,3,yes,True,False
case_055,GAAcxw3qcRmQTzm34UGQLz6q5V33Wk7vyugMPWXZKAbn,standard,selected,True,bcf5ddcad6901d2c1aaaf1241e58107c12779ecf4af7d8a92cb4e2de3e2ab975,143,120,12,False,yes,yes,yes,9,9,9,0,3,3,yes,True,False
case_056,ApJbDkiG7i1fh5yE8hEHyKJ1LLWQR5k9aoSEfDtwCQf6,standard,control_fail_FG,False,320490fc39a81474aad64baa7ca33869d90a5693c89744b147f8fc93e546576e,85,120,12,False,yes,yes,yes,8,8,8,2,3,3,yes,True,False
case_057,5ZZd8c2xK7dtpZQ9KmXWVtiBDy2QzpJHpGNicnnwjvDu,standard,control_fail_FG,False,be93c8abea1439ff2f2e03ca2f98930793db7ff58e4182d3d18d5ec53da00733,102,120,12,False,yes,yes,yes,9,9,7,1,3,3,yes,True,False
case_058,DULT92uQ2twmM82FmREXBTs5aQ9ynTJGLz5VSD6RUhXp,standard,control_fail_FG,False,c537672c89c92c30681db761604abd76b7db95d65d9a557485f90428f66c67c7,115,120,12,False,yes,yes,yes,9,9,9,1,3,3,yes,True,False
case_059,9ypemT1oNeUsoT5ozTGh498DPx8yCgbbFVqRw5y2KAVt,standard,selected,True,195ecda9ea5dc47ffe0eda5229ec6e31ead6f0cb98ee0458a3f087c2168c341c,330,120,12,False,yes,yes,yes,9,9,9,1,3,3,yes,True,False
case_060,AgmsCWvjsATzyDkhqdDQnJENVhDExQRSBr9akNMcvVoj,standard,control_fail_SC,False,526f9057839b04bc9aeaed150eb7c848842f737e333fb1d62693aad54d2a5c22,86,120,12,False,no,no,no,0,0,0,0,3,3,no,True,False
case_061,63ZUWQWAcN85oEkyRTC4TFKkNTqzC6gS5MUtp5338i6a,standard,selected,True,1472d5bb9d4f83809b524fbd6089970b7b2294fbe12f89adbe2b6ce26c99b335,128,120,12,False,yes,yes,yes,10,10,10,0,3,3,yes,True,False
case_062,vmSb6tmwhii1fwEYzKNUHwekPj7owPN6ae4mh95VewX,standard,control_fail_FG,False,cb9ecdec35be698c0e0b04a0a1896bef3e428016f9405137bfb1836f1ec188a6,69,120,12,False,yes,yes,yes,8,8,8,2,3,3,yes,True,False
case_063,13v3goA7JJpd3iZ12zEtELfQkcSKwGDF7grkbaaxNiWj,standard,control_fail_SC,False,53c687ba44e7d4c798ce1365b9b150818efec34022566649ffff490303ae9bfb,75,120,12,False,yes,yes,yes,9,9,9,0,3,3,yes,True,False
case_064,BRDG6WL3UzDGKgaz6jxrvsrSXDsqhKNFy9bfHparH435,standard,selected,True,de241f595ef949a77634f40e906d22a8d526421b35acd645787f49ecb052f9b0,189,120,12,False,yes,yes,yes,10,10,10,0,3,3,yes,True,False
case_065,EHCRWxmvP6ZQkHmHbSpC9AJRi4XukoTiSNSx8yBkXKFA,standard,selected,True,fa000d5b6f94604e71aa085f0fb6be7cba4efe1139499a5e37b3aa7b7059ca51,206,120,12,False,yes,yes,yes,5,5,5,3,3,3,yes,True,False
case_066,2EVdBxRxmAdaLGfzqFaq1KG4877NF5KKUMxEnWzaHAUj,standard,selected,True,9b52a42a683f4417aef3dde44817aebfbaa9bd0ebff58cecdf3f15fd86270d24,80,120,12,False,yes,yes,yes,8,8,8,2,3,3,yes,True,False
case_067,F8LoqWUjjbD3xqHfrYAffPZMCoNjwbB1jQC3k6MWgfbs,standard,selected,True,1e4772b39f6c4ef57023174539e3818a5f7e80453ea20866561a8c8f03d5fda5,34,120,12,False,yes,yes,yes,7,7,7,0,3,3,yes,True,False
case_068,6XzmFvaNivoYZATpfjLmU9yWFU8p1XTiDnjFJQ4JHFGd,standard,selected,True,358f3512269e0fb5f616b453c5909adcf95d3d5ddb9c8dd672fcad1c776c1b12,209,120,12,False,yes,yes,yes,9,9,9,1,3,3,yes,True,False
case_069,2JoSEX57i5NjXY5y9PhtVh4WtNmQdQEEhWX4B2s81r8L,standard,selected,True,8be9810bc03a08089c53c9155397135c36d858db4492a4676a5b52cc37969d7a,115,120,12,False,yes,yes,yes,5,5,5,4,3,3,yes,True,False
case_070,BfuLYm4MLM34qskDStNTwB2ZM2JkNR3gWZpsohHDbArk,standard,selected,True,14b0537c72d32579b1adf04d38d1c6a034184afc8459bb553c870bb4ca1fcae3,80,120,12,False,yes,yes,yes,10,10,10,0,3,3,yes,True,False
case_071,Bm3k3LRDAYSH9PdjsMHoP58VPZJ7NzTTi6wBGfXBxya2,diff_signer_owner,selected,True,723f4086e06ba2a69098101b182ed019268e341b2a25dca428fcd7ebc79b70ec,87,120,12,False,yes,yes,yes,10,10,10,0,3,3,yes,True,False
case_072,BaXmvX3bFZNmJpSxvCDqL4gTskXXN2te3Zo8edMudmri,standard,control_fail_FG,False,c88b833b9a3449304908ac7ad91dde6cc16ecf9a33f37d4fcc0d626ee658db54,81,120,12,False,yes,yes,yes,6,6,6,4,3,3,yes,True,False
case_073,A25FNSdyFHpeuFVFyrkjCVJf162NxBXdY5AgtnCArQTZ,standard,selected,True,9282210dc4e044c94fbea5c765ae32110c6dc32bf4816eee069f619e28f80413,168,120,12,False,yes,yes,yes,8,8,8,1,3,3,yes,True,False
case_074,3y7kAE4xcmfoPoPWGqNQnyVcBqkuZLndCGEBcN6K8bw8,standard,selected,True,09a83c83d9ff7674548c777cfac496bebe9f66d6489eb0cead83bf33d838f1a8,136,120,12,False,yes,yes,yes,8,8,8,1,3,3,yes,True,False
case_075,HpBQZoprdtWC9MFZoLEKSi1PvSFhGFYDJt9ryxooUHCT,standard,control_fail_both,False,a693466457005b1c1e323c2fb3ca404ce409fb8067a27dba6fe59e7b6d83011f,119,120,12,False,yes,yes,yes,3,3,3,7,3,3,yes,True,False
case_076,8fStGV461vNqwhmQkvYvTFEYkxT4dKqNsyepgtFFDcud,standard,control_fail_FG,False,165632da491794394a9dbe81958b88092fc7a2be70c32d8ad0a782b52999a0ac,110,120,12,False,yes,yes,yes,9,9,9,1,3,3,yes,True,False
case_077,BEhGcKjxYvcZDcy3wU2rHWsvtvJmktPofBZTbbHyh1to,standard,control_fail_both,False,f7f5070e52b2551c9e9d471193c1db40b1c02240800d9d80556e5cd321b680f7,128,120,12,False,yes,yes,yes,8,8,8,2,3,3,yes,True,False
case_078,555CVoLLYrmo6KREkqrtpCeBBk2WjmYpYMjbQWvygCqF,standard,selected,True,36d72f008d5e26545b243fddd36e6dc1e13822521f2ceb214d77c4dd9a1e9cf1,157,120,12,False,yes,yes,yes,9,9,9,1,3,3,yes,True,False
case_079,AxGtXrvFw8WBE9pWrEkjHq4Jt61fE3Jj11by9AoFAdGv,standard,control_fail_FG,False,d599a808bfa397a97aff26dc6b4ef6122d141adfec2d588dde47095e7df7ff70,106,120,12,False,yes,yes,yes,7,7,7,3,3,3,yes,True,False
case_080,AEzdkzAomkFUXX4hAKFXT3u1YQ1Y4wdTHPSPYgjgiBJP,standard,control_fail_FG,False,5c4c646e7243833b789d76058077c7f5ccab6c9038656de4a2ecc1a0719ef420,88,120,12,False,yes,yes,yes,7,7,7,3,3,3,yes,True,False
case_081,AUNf4FpySbLBzGxK89KYRrY52FD1mw5mHvxyoc67xrZD,standard,control_fail_both,False,dde4f98a3bf9f7158eaa81b941876b290d6e2f5fc5553a2579948f53aafc184e,61,120,12,False,yes,yes,yes,7,7,7,3,3,3,yes,True,False
case_082,NEgLdW6kFfGqF9Jf31YhYc88UMruYy5htN6t894hP6s,standard,selected,True,c24b0ad1d679f9a27308bdbabaa65868e124791037409e653b10403be584b5cd,93,120,12,False,yes,yes,yes,8,8,8,0,3,3,yes,True,False
case_083,EgJ8bUTtE9MJCtfXH3qdNe1w1cQ1NYfWhESNgZKYFDad,standard,selected,True,2f862644d4c39cef7f5e0d77268590d2d17b26ec0e818f43ab2f172a893b9034,64,120,12,False,yes,yes,yes,9,9,9,0,3,3,yes,True,False
case_084,BALDEraP3A73eyUjMTgD3wkyhAuoE47WkdU9mQpDXTCK,standard,selected,True,fe072a2a4b711ff0c919a104e4132cefd7182f36567a157397ff482449aff1fa,185,120,12,False,yes,yes,yes,9,9,9,1,3,3,yes,True,False
case_085,7jkK6JjZXjTjeiDZ9NjdYNvScBEjZkPjV6Kwvr7GxscN,standard,selected,True,c7cb7ec625c7ce80fa1b8a354aaa2507094d10c52a202004ff19bc840372e133,133,120,12,False,yes,yes,yes,8,8,8,2,3,3,yes,True,False
case_086,3ixtZXbbJjNEq89GbeFu8vJMGDMNSePofNEf5kecVhsA,standard,selected,True,db86c5f4f1ffe28b9a9549736e97e0d4c53efa13c7674b0fc6c0473f015eb38e,80,120,12,False,yes,no,ambiguous,8,8,8,0,1,3,no,False,True
case_087,6DcDqEPCeYzsR19S3yzZhRyFoFTW9cSB4FbSwgUC2tP6,standard,selected,True,22b2229e925cd87a44a11ce47ae40c78495b53b9df04e2d5ff8d4c70554637fd,109,120,12,False,yes,yes,yes,10,10,10,0,3,3,yes,True,False
case_088,g5HcBNwSo2GyeKwdsgLzCrmqeB3KeihLd87nS79kDaG,standard,control_fail_FG,False,d35003c0ea2549548daa7779752a7d3790719c462b20ca57b139e5b2fe093dba,145,120,12,False,yes,yes,yes,4,4,4,6,3,3,yes,True,False
case_089,8PTVGpr19vErWEAHY1ANH2nyW5tFkdvAzi9rh6uxYfED,standard,control_fail_both,False,d6241d7799bb44168f41174e32fff4cda49a6f36896cd2193b8a057711b7fe4c,73,120,12,False,yes,yes,yes,3,3,3,6,3,3,yes,True,False
case_090,HeZLQePuAFmY4jntwpAhxALaFFBUQ1UsmipTfZYY2P6Y,standard,control_fail_both,False,9866fbf5e2f2a63525ef420964646407744befecff4efd6e03666dfbc0310120,177,120,12,False,yes,yes,yes,10,10,10,0,3,3,yes,True,False
case_091,DrewDojWtqw9pncKzuBBQD2p8nLWFhcYWV3qUnrAJhjT,standard,selected,True,48f7fcb211112890d04567aa350db589863072c3b33fa8f5dd803b014f96abf9,208,120,12,False,yes,yes,yes,9,10,9,1,3,3,yes,True,False
case_092,8zZxwiXtKtceBc8sgUefaBmGsPpMLH8Mv8LyEJ1AzxHa,standard,selected,True,1946c181f84d63e55275baef78b0f83f99ba9767251add11d180aeafcfef64ad,437,120,12,False,yes,yes,yes,8,8,8,0,3,3,yes,True,False
case_093,9X6tNdhY5vF6V3Njwf77HtJ4H4z3UotohHmHq2GKSo3e,standard,control_fail_SC,False,b6aaab41907c5afda2f3a75e2dc1acaac3b136a002c9a9141a3a21c90c99e23f,48,120,12,False,yes,yes,yes,9,9,9,0,3,3,yes,True,False
case_094,hnu69n6P5CgYXCtUKii9wgamqtDeTVHY3TVJ6HKt7wC,multi_split,selected,True,cf13414e900d336fca212271b54dd458090e9e5d912b80d127ebce6a2c065ba0,112,120,12,False,yes,yes,yes,10,10,10,0,3,3,yes,True,False
case_095,3Y9TwcxxA5L33pbvpgLT3HWkVtD6sMRMcj4ojLM8FaDF,standard,selected,True,ca4abe3d1b65ddfe265ff074dd248a218c650b1ba38f76a419d1d59e99fd18fa,111,120,12,False,yes,yes,yes,2,9,3,7,3,3,yes,True,False
case_096,AEAvV3s6kajZyZgXw2pZSbdcgwXuUgDJ61jecczAXLMv,standard,control_fail_SC,False,85db8029b3e958198f7a68549b57b0f5fb5fde33ac463ba0c243d0c601143f0b,39,120,12,False,no,yes,no,0,9,0,0,3,3,no,False,False
case_097,F4qeu5kVdwepwsY1JwSHQ56G5wPJ11bpPKGeewbujDRK,diff_signer_owner,selected,True,5d689a80f67ebd3dcb3daeaffa7f9e733700c7fe50520aa609020c62995e418c,36,120,12,False,yes,yes,yes,10,10,10,0,3,3,yes,True,False
case_098,KKKzQmS38mSxHu7AaasGghGgVqoEt2DS8M5AcBMVK3j,standard,selected,True,e732368c9576e0f3cda67177138de0e1b65a7190b9bbe9b1819004dc6d9a0dc9,30,120,12,False,yes,yes,yes,10,10,10,0,3,3,yes,True,False
case_099,6aJvt3McfqMA8uLvW53KdLHxmdV5zykaMyhZ9YQUkZvy,standard,selected,True,17d04ae2694ee0abcc119db17562664b4deee04da8af54321ea937bbc9063b9a,112,120,12,False,yes,yes,yes,10,10,10,0,3,3,yes,True,False
case_100,LUXrU5tGWemJxvqDeqSXANqLc8F31vVLgeYNzFrozdc,standard,selected,True,29212c4bdaa8d12363cba7269323fc76a501332c7e72b4d2b3b3b4cb8fa9e4dc,158,120,12,False,yes,yes,yes,10,10,10,0,3,3,yes,True,False
case_101,EXxad7hXpNZ7jLfDM25JyXW28PLFdE2eRkNvK7sdaDeP,standard,selected,True,eadf2621e273096c89082ec03a2f915e53cbd4d5142062c3df4bbb9357023fdb,86,120,12,False,yes,yes,yes,10,10,10,0,3,3,yes,True,False
case_102,HhVSgc49N2FPeA8FCLbkQPLdnNCRohnPv3x9qRpp1E7C,standard,selected,True,f112b60fe90c9ed05d35ad3a0d8c3141e7bdce045c4631e1f1c2c7aca9c76f1e,90,120,12,False,yes,yes,yes,9,10,9,1,3,3,yes,True,False
case_103,RTYizu6bjvFTBfiS56cEoqkKRqk5xa5VBKsHQUeUNDs,standard,selected,True,555902fa3a8ebac542bc8d1ea45cd2d4f4b3c3b326db1de06e3b0557e90848c9,91,120,12,False,yes,yes,yes,10,10,10,0,3,3,yes,True,False
case_104,7FqMNbijKbmhu86QG2G9m7YkqGdWdTBY8aapY5rN4guh,standard,selected,True,a87adb7be7a1550e7771846b656f9a22bda259ddb7361e5faaebced649b16f4b,240,120,12,False,yes,yes,yes,4,6,4,4,3,3,yes,True,False
case_105,4G9RznKvrtBWn2sRETcAsnSRkectXiDsFP5imBbSiFM2,standard,selected,True,4a62d81de7cf8d6fde135396f018a3ebce21d10a8d459201739c6f328c94b65a,82,120,12,False,yes,yes,yes,7,8,7,3,3,3,yes,True,False
case_106,8WdvS5youPM3nxvMugd5hSupFn8rPRUD5KXdAc9eN7G,standard,selected,True,882e7190dad5b3474fa8689b6a36a35ba5be17d2ded000012245c91f69999b5a,112,120,12,False,yes,yes,yes,9,10,9,1,3,3,yes,True,False
case_107,5EfVWzpTEA9Ayjw8sK8r9wfpqkuu11cLSL1DxEFuUpdT,standard,control_fail_both,False,56e188f9442f5600607339f5c24e3a4447368a1d516838366ef7a375480a1bba,58,120,12,False,yes,yes,yes,10,10,10,0,3,3,yes,True,False
case_108,CN4AG1iqQeLaZrQB2qsfJaAQgUBHeSXUK6UvC31n77UJ,standard,selected,True,4831069b4ef67f2ffa92bb1eab7442d1ccbdf49352ce953e65a66344973db6c1,86,120,12,False,yes,yes,yes,5,10,5,5,3,3,yes,True,False
case_109,93QkPPc1o1U8qAtsuX6WPGBHNpcz8RUopjZhERaKoktA,standard,selected,True,52cd731038cffaaa9caffe249902cc7d07c82baf02792b732aa719b8ffe83cf9,91,120,12,False,yes,yes,yes,9,9,9,0,3,3,yes,True,False
case_110,5wutoUsK5P1qnL33Dc1jpBKgpAy8TTtUV1m77xkEmnDE,standard,selected,True,3aa744c5353ed1cf95d252593813b31e8a0bd435718e9d450ad24d05bc56ec06,321,120,12,False,yes,yes,yes,8,8,8,1,3,3,yes,True,False
case_111,FhwFSBV6UZP55DWjVGAsqaatXajhMZS9ZV84p7Yzq6wj,standard,selected,True,811429d3a6f052bd054e6cc32778e332abc485e3e93e576e5e68e2e5546ec465,84,120,12,False,ambiguous,yes,yes,10,10,10,0,2,3,yes,False,False
case_112,kapRxcwXvkdCLgbc6WuxQtkTYYovs7buJ3hbMp4Xri2,standard,selected,True,05e9c449944a10e79069cedf8d157be431f0dbfaeb2ae03fddbd3d20aa55405d,78,120,12,False,yes,yes,yes,10,10,10,0,3,3,yes,True,False
case_113,2dAHGmJ1LqMZjXHU5Gf6uL2NKk7QfjFmnVnhvMTAUZAX,standard,selected,True,9ae53c9dee6e2953b0d4071eb6bd85a449df69aafa72264867b3c9ec531e594f,244,120,12,False,yes,yes,yes,8,8,8,1,3,3,yes,True,False
case_114,maNkAEpHDsF2NBMXSjPwZLXaHxQChTYM7AJxfpbYQn5,standard,selected,True,68d807a373337bda553ecb47f063774dfcf7d1d9b1ab4d521fe17b56b55e9c93,98,120,12,False,yes,yes,yes,9,10,9,1,3,3,yes,True,False
case_115,CFGu6QkwnCBkVjDUPosktxwd9auZt2Zcmu13Sriv6vT8,standard,selected,True,b6720062bd1277962b693ef20b23103f905bcda2fe800e63ab5f115b2a671925,174,120,12,False,yes,yes,yes,7,10,7,3,3,3,yes,True,False
case_116,E45YLW6LV2GdvPu4HgpBMZF4veGmUqbK6hs2W3ykx2s1,standard,selected,True,efe1195ad0aaf9a433df25211c7f4570ca3592f1c635baf6452d5c7dedddc2cc,66,120,12,False,yes,yes,yes,8,8,8,1,3,3,yes,True,False
case_117,BwotV2eXGVUb4anUt5J2JSUCGxAXPqUf7m2i1o36FNQG,standard,selected,True,ea41834fed23de9b08a5856f11f6d0dabeed273986e9d8e0f17e9eed1f2fa4b7,118,120,12,False,yes,yes,yes,9,10,9,1,3,3,yes,True,False
case_118,BhBc8kbkgzXHmv79mPHCCVfpdZwanYabPR939g8foje6,standard,selected,True,71d8c9c0c55bc9c0ad587f12c18df5b70bfa48ec93d0fdb817d1770e69002bca,143,120,12,False,yes,yes,yes,7,9,7,2,3,3,yes,True,False
case_119,Gf8wub9hxjDTccJ6n1sjG2ooXP1Bi6qWcaMa3WJzhto3,standard,selected,True,e0c57a944a4bef1f7f3d84394c786f93c5c71d137adc3817b24bce408159e62a,171,120,12,False,yes,yes,yes,10,10,10,0,3,3,yes,True,False
case_120,hope6BQrM48TGTHtom4Gd5uJZqoj68s2AAq4syi1EPb,standard,selected,True,94c00e352e7da30f336cb903289ae226b89489b53e46f18e5448a69e3183ccdc,149,120,12,False,yes,yes,yes,10,10,10,0,3,3,yes,True,False
case_121,CqF3gUDojKuVdd6zBk2GZBTG84aAQ2b7tYeeyS18Sd2Z,standard,selected,True,706b8fbb77e9d1c2a8801d7bbde1c0941c8ad7bb11597e15ad3d4cac5715471c,134,120,12,False,yes,yes,yes,8,8,9,1,3,3,yes,True,False
case_122,B1GJKp3ZSkURv6pxC5WJ8WasK7d3sfdyw9ASw7cMFbVa,standard,selected,True,1fae71a6147af2a2e2a7823e70ecbee7a83c6704dd385e0ce11ecd9318a1b5c2,192,120,12,False,yes,yes,yes,10,10,10,0,3,3,yes,True,False
case_123,D1hS4zJXnoxpCWA6fwEBxPASvDmW9ALf3gNFyMTdoB5n,standard,selected,True,e1b087398e985a5845d03c06fb5fc77b46366085b2cd00e156bc05de340630af,126,120,12,False,yes,yes,yes,5,5,7,4,3,3,yes,True,False
case_124,EpxkAcSi29vtEzSfhBigJ9zoCKsYySY46VM4fdtCUcpy,standard,control_fail_SC,False,093c74274f58d89d14827f2df0ce9de509d1e7e2f44d3c9826a0c6d5009fc61b,30,120,12,False,yes,yes,yes,10,10,10,0,3,3,yes,True,False
case_125,CqVZZpYYe3VCsNTujpwfD4s252Y5CFuSdmq8o7rHf7cy,standard,control_fail_SC,False,1ddc7059606962a728d938bedaf46bd7819cb6d248a98628aeaa9e67dc552377,107,120,12,False,yes,yes,no,9,9,9,0,2,3,yes,False,False
case_126,dipBSrUxqFrEeqcNcjjNPTdexP5dYvV74GBVGgXUrjC,standard,selected,True,a556d28cea6d54ad6cee6c4f1b75dc2c0ac6c70d41d8952331f660894fca8ac3,110,120,12,False,yes,yes,yes,9,9,9,0,3,3,yes,True,False
case_127,3JKsYEix4VgXN8mexdo5xUWXBSdpGXjAz5TMAPbpuuWe,standard,control_fail_both,False,595264ad5a846e9341b875295f9230573af87689a46155670ef2e188021e1b8d,72,120,12,False,yes,yes,yes,3,3,10,7,3,3,yes,True,False
case_128,GeaRhnwwEWR3E5LcdEXQ1KAva5UHfiNBPTwgLnrB4BVa,standard,selected,True,2740a237840cce246e844af271b05d3523febd09ab6584e7d63ff8c669f78510,132,120,12,False,yes,yes,yes,8,8,10,2,3,3,yes,True,False
case_129,uw37QFEWBsBEiZsfRuy7hRF8zv2CxhyiM5pHVd1EoRK,standard,selected,True,ec2a8d3614aae02a23188568f5c55ee7dcc5602897d81be5156c42985ca48796,121,120,12,False,yes,yes,yes,10,10,10,0,3,3,yes,True,False
case_130,iK7BmyUoFm2GDXfXSi61u94kJXSFyknFnGFQukbF2bb,standard,selected,True,077d3e914dd4a55c115c5eabeaef1e026f8c6fa15fc8664ebd71f93f7727e3fc,152,120,12,False,yes,yes,yes,9,9,9,0,3,3,yes,True,False
case_131,22EZM6Z1KcAuKeGDK4D9uyaLK8s9DtndsTfQvVVhY1vf,standard,selected,True,7b6d3c770f6cddc93b7f93f2301ed4744ae732c56ec06c6f0f044086d1beca3f,204,120,12,False,yes,yes,yes,10,10,10,0,3,3,yes,True,False
case_132,6oa9TfAX3GFYhUshgrp5Uw3bM7TthZ67quzZqYtq3Yq8,standard,control_fail_SC,False,ff2b52586593130c17f9b4fb89d17c0a247176b88bbd1be46336f7f4beae84d2,62,120,12,False,yes,yes,ambiguous,6,8,8,0,2,3,no,False,True
case_133,CbrNhxXkYQqc4uefAYCfBW9UJELGsZGGZtpdpPZmBB1P,standard,selected,True,f8a3e43faa8ba81faaecc869bad53b02f81570a221e0b86ab3836f694b8adcae,131,120,12,False,yes,yes,yes,5,5,8,3,3,3,yes,True,False
case_134,AkFPD9JzmBaMMkeMDNyvYzovKkBrZAyyrujQnMTMNPRP,standard,selected,True,5ec39101015503a902a71af23d51c3963908970e7849ee1bfd9230c2b252b6e8,124,120,12,False,yes,yes,yes,8,8,8,1,3,3,yes,True,False
case_135,HwGqFnPY6H2sGFoDUMYqr63geoR6Tb8yrfnKGLMnARzj,standard,selected,True,129fe1ae0b8af602b52b2922ede77df53bb549aea9a6f38e42dd3d61d61f2ea6,30,120,12,False,yes,yes,yes,10,10,10,0,3,3,yes,True,False
case_136,E6LNz8nyW3wfJw2CQ4W6EsTkXq6oqAieUCQ5i3YEnvuv,standard,control_fail_FG,False,ee5153fad27550482e9b740943e572d62cd30022515bdc2452980e7fc3b5a477,106,120,12,False,yes,yes,yes,8,8,9,2,3,3,yes,True,False
case_137,31ZTbcUcCod6rztN5fAX2USLVejFmHCjunf1Vr5wRSKu,standard,control_fail_SC,False,aea1178870bc997b900bfd5a7ff786166e47486100bf8ade0ff8b8ea2ec8a301,59,120,12,False,yes,yes,yes,9,9,9,0,3,3,yes,True,False
case_138,7FovysP3MGZjFb2MRPtQPn27Ntejdjot2u2WAyL1fUaA,standard,selected,True,ef6b6d3f82168213264cc06ef3360c2caa46f55cf1ba60fabb710034585807e7,68,120,12,False,yes,yes,yes,9,9,9,0,3,3,yes,True,False
case_139,BRAywUXHzo6f7V8gmvBT7aABknQXEJBqMqyCQVGynB9w,standard,selected,True,58bf4e88c2206e95bbdcdd8c6af77eb8d2f0d43a694690109c507951ce6ec932,66,120,12,False,yes,yes,yes,10,10,10,0,3,3,yes,True,False
case_140,HW1wbyPSa7QTqjRzD4kCKZyBbXFzR8cA7sJqBrzrJ6o4,standard,control_fail_FG,False,f09a33e3e8d04a8fceb30e3bf833b6483afe56627d95c892d548013c0276617e,94,120,12,False,yes,yes,yes,7,7,10,3,3,3,yes,True,False
case_141,DULTXqjYWJbqbdzS8QCmjhDaq1vyc2qSTDyrwR7Nti9M,standard,selected,True,e13906d74d76f30a18348e0b869db534dea478076fdf7b29f94b478e21b1a8d8,183,120,12,False,yes,yes,yes,9,9,10,1,3,3,yes,True,False
case_142,98dsVDKafpmtKadHEab11y7QVjxJLSUwokhdosniW1Qf,standard,control_fail_FG,False,d171aa82f135f5bd25e1e17a3cb1e5955c5322a66b5d83f8556d8a651ff9e725,142,120,12,False,yes,yes,yes,5,6,9,4,2,3,yes,True,False
case_143,84pKrbH9ENm9vEBu7Smi53MpnAxBimZpFabfQWyFeYiV,standard,control_fail_FG,False,b2160f97d7631e097a701c07c81e6f6cb1c834624b0250ae10a97a6c9b791d69,100,120,12,False,yes,yes,yes,7,7,10,3,3,3,yes,True,False
case_144,9QwvmJ6KFkmvraqycNGEZe8yAab2bbmU6pFG8WDRjnSh,standard,selected,True,5a546ee64d6bbf7d13f7f39789f6f4c677cab27f6e4bf740c28a00b7830fb8e9,112,120,12,False,yes,yes,yes,10,10,10,0,3,3,yes,True,False
case_145,8aUpqx3eGhLSE81rVi2gzpdoJf13F9XBpcAanVf7xNaW,standard,selected,True,8579b5e1a7d92801beb770fc226d476f59f9e89af9ac056f674dc0a292e35af8,135,120,12,False,yes,yes,yes,9,9,10,1,3,3,yes,True,False
case_146,D7nLz34AHgPmMfaWThYruWF4eiiKjWfxNfpxUeA5Lq6V,standard,selected,True,7592749048299aa604f8cfe057f45ae76b8fa94c2a1b7552d69460f2967f7a02,182,120,12,False,yes,yes,yes,10,10,10,0,3,3,yes,True,False
case_147,BVfVe44WjgrmNX5rGXa3uNk5ZBgACVqJgb9c7J59c696,standard,control_fail_FG,False,23418771d22c0c5053e72426fb7a7c5562df30e3e7f45fae982eda145f596653,134,120,12,False,yes,yes,yes,8,8,10,2,3,3,yes,True,False
case_148,DidDyGNx9u77jeVTySboZrvi8gUiHRwuJyJJ2b4mgLdW,standard,selected,True,0d855f06587fff52a26c02483ea444cde8600eb51f525898a0dd12c8a3190a25,199,120,12,False,yes,yes,yes,10,10,10,0,3,3,yes,True,False
case_149,5S9GNPRGz4QEriPeajC3Buf4GPEF4vTNyk3SmjwCo2i4,standard,control_fail_SC,False,66681878c5f2045e69b2fccabbc1e7f8a96fddb31f85522ac06fb8bcf95cc5e8,80,120,12,False,yes,yes,yes,4,4,9,6,3,3,yes,True,False
case_150,DLawrPmAHdj3KbibEfE8DqbiVD4Zf5Wdt9JQJwD4BT8Q,standard,selected,True,bc36d185809ec7c330c7c1e8760576e065fb00a9386f677121e8d307b355af21,172,120,12,False,yes,yes,yes,9,9,10,1,3,3,yes,True,False
case_151,AdmuNy6KJgYa8GoJXDqCknBte57WQEf8khQG9iu9cY5,standard,selected,True,3a036122e2f696ae7040ce77bb3c8784df08a1dbdd335f730ba5f4dd3fe0c0ea,192,120,12,False,yes,yes,yes,10,8,8,2,3,3,yes,True,False
case_152,EdWS7QUmhr3Yn5ymeFJqBwrNGP14PCbcmaANNaYk52k4,standard,control_fail_SC,False,cd38f56f065b9965309722b36171d84f042d96535f4bff89065d8e19b8e73725,80,120,12,False,yes,yes,yes,8,8,3,7,3,3,yes,True,False
case_153,AqvA7Ckc4jyV6JkKwC4pVme82PmzEebyrtyULdxeHbQz,standard,selected,True,29ddd69e0d8ecfbbccfaf7d275aa817ccb33d4eb9db77db13a7aca92fede6b14,73,120,12,False,yes,yes,yes,10,6,8,2,3,3,yes,True,False
case_154,7zLgvikci5MKekYBiX22WjJfHyu29FAHTgDsP35Sbura,standard,selected,True,020a734eb8d10197966eee63476f69dc386f6c699a72e60dddbb8c9e95f321a3,228,120,12,False,yes,yes,yes,7,6,9,1,3,3,yes,True,False
case_155,2HpEemeT7HawRakzj3ckwfPxmgPnji6z7z9yox1sNR8D,standard,selected,True,4eea91ddf1b8e3f85e868af15030962ef35dd8607ff2b312297238c1543f115b,78,120,12,False,yes,yes,yes,9,8,8,2,3,3,yes,True,False
case_156,9QG2sTWpXjADeHj9BmNhiXUYv8Z4wjP2n9sWjP8ChtUU,standard,control_fail_FG,False,a63276eeacfc5305078394b4967a20dbdf05390cfda27a79521fdd42151918f1,86,120,12,False,yes,yes,yes,10,9,8,2,3,3,yes,True,False
case_157,8qAsHZNPsWriCcPfkjcDwTSM5iWHK84RWUXL5V3ZSX1F,standard,selected,True,c8e6faad5af0733d00005759c65d4163469b7948f2be910b20258602e566ed2d,34,120,12,False,yes,yes,yes,9,10,10,0,3,3,yes,True,False
case_158,DULTPxixRvN8SmXGkZoEXMzRm6FMgDYA1SNmjNYbHaJ8,standard,selected,True,0612f35385cc337796356550aa9941900bd79e4fb3fdd705fa9f064d11f283b4,196,120,12,False,yes,yes,yes,10,9,9,1,3,3,yes,True,False
case_159,6KB3A3mMTvg4BcNFYZjM1tzqUCxjmqfpnydcPqESeT2V,standard,selected,True,4a09245fc8d2b52b9bd627dea056a41ccfa3d4443fa854fa348b6a3ca1ce7449,159,120,12,False,yes,yes,yes,10,10,10,0,3,3,yes,True,False
case_160,7fS8dbos3yDH3SA3pgSbHPDcyrpB7mFh2asn1ajxDjh3,standard,selected,True,f1f3d73fa98f1f918775c77d4de4abd0221804de327a898fe323f8479082b607,251,120,12,False,yes,yes,yes,10,6,9,1,3,3,yes,True,False
case_161,HqXf7BH8F35yyZnRrCMgGgj2yWUqdr8nGvH7ZC9xW1HB,standard,selected,True,6e67d9fd69094e54d73229bd67ac4c5f2219036701bb2d8e303aac2cef594f67,34,120,12,False,yes,yes,yes,9,9,10,0,3,3,yes,True,False
case_162,2fNPNJKE3ny6b5Vo1wdfa7J7KqYNjeyBM3PbGGSJ398r,standard,selected,True,5896c86a34c2ab628cdd1cda32341244e73d4d1d848878a017160e68372ea4c6,143,120,12,False,yes,yes,yes,10,7,10,0,3,3,yes,True,False
case_163,G66piJfqyA2i6d5KXvBTVj1zonPwNpSPoaRF71vMZoaq,standard,selected,True,c46a99957bcd61badd533343ebbc1d91082dff4b1e19912c8e5a0ff798bda5e7,158,120,12,False,yes,yes,yes,10,9,9,1,3,3,yes,True,False
case_164,2mcD6fJFbkitCjePErPw4kMewXSmKFTf169c7CZXrUwe,standard,selected,True,8632b7222417a6a3c76d088fe4744485558075d6702a1c3f738ac75c61bb24e2,54,120,12,False,yes,yes,yes,7,7,10,0,3,3,yes,True,False
case_165,GnPUxksT5BQWAzZYcjGu4KNypSeg8xmCCALa1dJhhr2E,standard,control_fail_SC,False,80fe9b65ca2a8d81ddacaa86b9795116db3b4b9f34c7b34bd50ef1247747cc4e,46,120,12,False,yes,yes,yes,7,9,1,9,3,3,yes,True,False
case_166,Hiuj2kiAxiXuE8xBfChRAv6ibPxzqbH6KRetkzGsh5Y7,standard,control_fail_FG,False,67ce958028ac3087d0845ea5e643fb30670f0c1f49ab358d39734a3481f2eb7b,281,120,12,False,yes,yes,yes,8,8,7,3,3,3,yes,True,False
case_167,EhhBh8FLioNMA7MYMZNtLwo3hZaAEqX1UsJeSQXeYbGX,standard,control_fail_both,False,902d6b444d310aab5a04f5b16e022bf3e41af14850e1a24da614b5dba9bb4801,70,120,12,False,no,yes,no,10,10,0,0,2,3,no,False,False
case_168,FJwDHKZvdWw3grZCraEpFYG39atTzmqeMYj8PdVNbvjw,standard,selected,True,a57af60b46250a21df9fde2fbf3b6676ff83b87c9692d535bd9461ef9752b6a8,129,120,12,False,yes,yes,yes,8,8,10,0,3,3,yes,True,False
case_169,13j3sXVhNr5xJihjSkVenBztRMWuYixpMt3hCCWPSxiC,standard,selected,True,3d2c3daf6c26575a64cf6f87eed1717644b5b6b7299084a6fa517a2ade622633,115,120,12,False,yes,yes,yes,10,9,10,0,3,3,yes,True,False
case_170,CFfwnDuLKvvXg1oDwGr4x3TkUy2VDaBAN9n5EcfbQUBU,standard,selected,True,cc2b8143d74151e2c435aa4c2f0eae0e8e3eb0a5d6ec43fc1c45f766e216fe07,128,120,12,False,yes,yes,yes,10,9,6,4,3,3,yes,True,False
case_171,3jmh4WisJ1SVaorXJGdBKsjybp7CWWxhM7hScR4Pa2xW,standard,selected,True,2f34f82dc2393f1c21ea293c9ee2db78a1e2c4819cb9d5aaed25cb7b928326f2,91,120,12,False,yes,yes,yes,10,10,9,1,3,3,yes,True,False
case_172,C86oRMyUqzsXKXEAsCUbrhJuYuMbqXxE886s9MpUFF88,standard,selected,True,2bc7a733fc5e7ba7c2e61efcc653b89a69feb5a3d53817ab67f722ffc46ad645,107,120,12,False,yes,yes,yes,10,10,10,0,3,3,yes,True,False
case_173,Ezm1xUAsCvZCQAskybKcr5JbKDBXR2ezZCfJxS3wkhsb,standard,control_fail_SC,False,4c9254b792fb19a7c8266fc3ffc878f42762aaa7f4307cc9b11e7ea28874fdca,67,120,12,False,yes,yes,yes,8,8,1,9,3,3,yes,True,False
case_174,GubHu2phLzPjgUca5S26SZbhY2kHvLidbymyDRyG8JQZ,standard,selected,True,24345267fb477b9bee1f75ef9f0cf8c254f91f5f37c0de3e78059fbb8747be4f,182,120,12,False,yes,yes,yes,8,6,10,0,3,3,yes,True,False
case_175,2n78p72RVYbyAiPtzZCNBYjMsEXKRiqfd5zArK8r2tgG,standard,selected,True,c751835ed60ed27886575c5987ea33292d33320a64d22d39611cb81764d28eb0,110,120,12,False,yes,yes,yes,9,8,10,0,3,3,yes,True,False
case_176,6m4bqcJyyrvSoyi4hDs4UktW2VarSyJ8caTrPCU2NwR,standard,selected,True,6616037200902a1a6aaed88a9269976250dbdb9720517905b079214720a0d5db,34,120,12,False,yes,yes,yes,10,10,10,0,3,3,yes,True,False
case_177,9ycFMq9J4jUhZTt4M3dapSGLGvJR4rFqmkqDRQPVeAH7,standard,selected,True,79bf8d4dac334d91e74ced09546276d1fc8f836c4c4d8b35d927d3e45108e9e9,82,120,12,False,yes,yes,yes,10,10,10,0,3,3,yes,True,False
case_178,9XW22iPewUQF5dTsKfy6pqwwH9w5B7aDAktx9L6PTaG6,standard,control_fail_both,False,5f4265d0bd3eb644aced7bcb11cf4656150e3ca568fc56b48368778eb81cb0ce,99,120,12,False,no,yes,no,0,7,0,4,3,3,no,False,False
case_179,6cLLbTznubDDA284PfnEZYzxKiNgzMcf1RFjY8ehE5zK,standard,selected,True,f17465f27d5793de2e8aed23f9bc7fad41d94bc03bef30bb05fb109cf85e58e0,112,120,12,False,yes,yes,yes,10,6,9,1,3,3,yes,True,False
case_180,8T4XXALtGjvJytQ2zvFSBaZYexxqd1fzpC1n8ATSbkWc,standard,selected,True,cef177a0df6326648801f04379e360a72e9ebb235cfa01cfab292850a427f74d,107,120,12,False,no,yes,no,10,10,0,0,2,3,no,False,False
case_181,2DHRvbSXQXug7MyfvKv6x2cYMZamEnLwcoVXCAbvNWQX,standard,selected,True,c64a8ca38245b8afcc29ed4a75f822f439d618c63d642d5b97228bfb8d880912,76,120,12,False,yes,yes,yes,9,9,9,1,3,3,yes,True,False
case_182,FAMEcanszfKG6WrXstFZjhpcsRkBA6Y59K2m3Qsjv5sa,standard,selected,True,f0792886a2b34fb5346503d5437808b363f854719cd09ed6e6babbb50154e8d2,145,120,12,False,yes,yes,yes,7,8,8,1,3,3,yes,True,False
case_183,BSHdFzWq6BfXpTx49LcCuvF4FVZakEZTibkKgjBcJqLD,standard,selected,True,ad20b8181b8cea8eccb6f82f4283432f8b03279b3f64820b46ca191bd7dfa41e,124,120,12,False,yes,yes,yes,9,9,9,1,3,3,yes,True,False
case_184,SLrkDC3uSHPzVPR4b8JmigFqwMUBpdGbYip2YGxpWMn,standard,selected,True,f45b9e888eeeac4dd2dfa1fc2c7a9ba2f2319d00095926bef14ff83cbf2272ed,117,120,12,False,yes,yes,yes,9,9,9,0,3,3,yes,True,False
case_185,3z6XerLKkDwmiU3aiuPCcFgkhmfret8AM6EmPtGxi71d,standard,selected,True,33498060d13c4a4ae8e69b2df00f1a278fa770e1a201c58d2c3519f6dade2244,116,120,12,False,yes,yes,yes,8,8,8,1,3,3,yes,True,False
case_186,93kgxYKex5wPyEkjH9P4KspLFAi3fdWBkw8vZce51pbp,standard,selected,True,3e4cacfdf1345c03985cb4d2868a59fa5483a80268688b95104aa627e4d82004,204,120,12,False,yes,yes,yes,9,9,9,0,3,3,yes,True,False
case_187,9wZKBHJhuo2ytDxAX6ZMRojcdKYXx5BAfC8JJwDLtwgU,standard,selected,True,3ef6f1b8218d6438fc32b140526e6d4fdafc3ab19f541d0c61b8ee340600973f,142,120,12,False,yes,yes,yes,9,9,9,1,3,3,yes,True,False
case_188,2NrZYjvtLmRwsVMQRL4H5C7kBgJqohnSQLoFFhhT16Ew,standard,control_fail_both,False,ef2468125030d49968fc8abfeee0b34b9053609d77113ef98cd34898fee231d9,58,120,12,False,yes,yes,yes,9,9,9,1,3,3,yes,True,False
case_189,ARARAaxBzCcmKmbsS8JD4hy74tY2VwHfGon2tN9YmDB3,standard,control_fail_FG,False,045db848184c63d04688bd8d5e7f217e640ce7038d6e63752262e79380e9f5e7,82,120,12,False,yes,yes,yes,9,9,9,1,3,3,yes,True,False
case_190,79MoTXF84kAwcKZ3e6T4vTHBUvvzeXyh4ygKTRsuLvCr,standard,selected,True,43821557d21c9b3784493bb46972a9b11bbff34cc8765925bb9a95e7f202dde4,74,120,12,False,yes,yes,yes,9,10,10,0,3,3,yes,True,False
case_191,J3Ez1WjZMpcnMua4xA9nirZwWTurAxY7wqhm4vPeJ8k5,standard,control_fail_FG,False,bee1d694a1ae42832cd345b58afd9302c800e812ad2e6fc567327364d95d357c,110,120,12,False,yes,yes,yes,4,5,5,3,3,3,yes,True,False
case_192,4fUEAor82W3ZNXgP3DzBnKptUp4qEFbMw5BKnwX8ZvEZ,standard,control_fail_SC,False,a20e779010fa03f97cbd600ad89a9fb194c9fbaef0ed72f839d9d6eafe908c6f,52,120,12,False,yes,yes,yes,8,8,8,0,3,3,yes,True,False
case_193,GVJp1bkQgw3QdXBmvWRBK5SaXcr3kzf45SfrvRDobQQE,standard,selected,True,64e6bce0b01d44987a1ee32c6d7aa72ab9a7c63d5e95227850acac2e7200f644,76,120,12,False,yes,yes,yes,7,8,9,1,3,3,yes,True,False
case_194,Dbjzj4YCEXpvrnxvpLHKQ7u6ifvzqKwuUxCef4Za4AEK,standard,control_fail_both,False,fe5081d79b7347b32845597d4e795211391e722a6ff6f44f895de618c691fd9d,76,120,12,False,yes,yes,yes,3,3,3,7,3,3,yes,True,False
case_195,JBVgTLpTFi6ycWMR5zKMgVpLAWdPQv8RRvbt3jG9MVSz,standard,control_fail_SC,False,5b23ca350d9aa41ce137ab7048a1aedf8ed42afacaf9699617551c5f2e45cf13,184,120,12,False,no,no,no,0,0,0,0,3,3,no,True,False
case_196,6uzVPLzrPMhHHJAf7Sc5zWi6rCkvoQBFFZqXWySN7RnZ,standard,selected,True,3efc75a65f65526d47a1cfb4cfb628b48abd2569ac4c91fb34c608642d139d8c,102,120,12,False,yes,yes,yes,10,10,10,0,3,3,yes,True,False
case_197,CHpjEWwhgitd9o3arVtwgGh4naHCkB45T4TiaAq8iGna,standard,control_fail_both,False,84890098cf1b6fa0fab26ae0df5e6a8249814dc276b31af28c97ac39db099b23,100,120,12,False,yes,yes,yes,4,4,4,6,3,3,yes,True,False
case_198,hWJCRPNTt9fUBohpCdGsotGerPGu3BKx3sDmSd43qbk,standard,control_fail_FG,False,b0ab66c3980eb4d243a1fbcbddf576ef41600fb6e436f31f883d7489b96b73a0,143,120,12,False,yes,yes,yes,6,6,6,4,3,3,yes,True,False
case_199,JN6MEw1E68qWzLmZfAz2revdk7go2P7tCeCecMFzzys,standard,control_fail_SC,False,e925b232394722d78a872d7b4b97b26693b9a5a33e7cf70f5050d817880e2d91,63,120,12,False,yes,yes,yes,9,9,9,0,3,3,yes,True,False
case_200,DDm1Bc9KuXB7Q2UbxyMRLGmbcV2J93xmiWDPt7Edhqbs,standard,selected,True,aaede3c6cbb7997653b2c1130e6977ac968884c9a4b0c1bbe624670e88c351da,31,120,12,False,yes,yes,yes,8,8,8,0,3,3,yes,True,False
case_201,7nCRbePZDbVyybQjZx5qXFh4NnBadVNSV13Djef6z7R2,standard,selected,True,c4ad86e823260645fbdba13b46dff958206d60076fd6cf611026658c1cd94a97,35,120,12,False,yes,yes,yes,9,9,9,0,3,3,yes,True,False
case_202,8cKTsKRe8TN5QrQJE1pjzU3Ry6iFKF3ua1yf4BBHAv9g,standard,selected,True,6e56256d2a899ccc8398ada6b8e21d158b831ff9f0db27eaf6753cea61853ad5,93,120,12,False,yes,yes,yes,9,9,9,0,3,3,yes,True,False
case_203,5DCr3CaGVFXEqdXKqnYizRtedZpKFCHQjDxGgm97hzK,standard,control_fail_both,False,3317c23174eaf67578f37e315cfcb0c08658eb0603c6b67b5ce581938e70a37f,46,120,12,False,yes,yes,yes,5,5,5,5,3,3,yes,True,False
case_204,912iwi9rQV6mc6RxGa77QDjcQjLgoKvEVahBFeqdpSgN,standard,selected,True,ae5b7464f525881f04ccabca33afdca5b2e087b25a516b78fefe0b876958ab44,241,120,12,False,yes,yes,yes,4,5,5,5,3,3,yes,True,False
case_205,H4JNn3CzReoqaiZgtWsB3PQJLDmyjV8AxeXoKuzs5G6f,standard,control_fail_both,False,4b02d05dc7c486529a5bdd77da2569631c128277e56be45b91c909b51726c326,52,120,12,False,no,no,no,0,0,0,3,3,3,no,True,False
case_206,7muomhBk1zZva1nu4gggB3uQ6boj9o1e3rXq9Q6DQq8h,standard,selected,True,555d7f641aafb8d47bc9f1b8c88f407fb65281f89f1510b9aa41476603fb8be6,87,120,12,False,yes,yes,yes,9,9,9,0,3,3,yes,True,False
case_207,HcYgKgSiV947513GrjQ5h8knbMCsHnzwnRZHUnQEyj6d,standard,selected,True,79d18a4f6432b89f29af091f07195e9e9cb88aa55f234c5a7185aa0232288656,57,120,12,False,no,no,no,0,0,0,1,3,3,no,True,False
case_208,CZ247GxiXcZxh8SaF7Go5k7AaZcLqbay8NHsEySWXQov,standard,control_fail_FG,False,a8d07c45a49c981a7be93ee25371fdb5c876289ef7591c234191475422ad1c60,105,120,12,False,yes,yes,yes,8,8,8,1,3,3,yes,True,False
case_209,HwoBtQT9K5zM6dibZxdP5iBxmBCHN3yRDnXqvw6dXNof,standard,control_fail_both,False,32f80262012aff700634a9d310be767dad86b0019760272dd6eb52325fcc61a2,79,120,12,False,yes,yes,yes,4,6,6,4,3,3,yes,True,False
case_210,4Kd5aPUTJC2rk9aJiUfG3gAsgQwZCRyq15YKwz7eqkbD,standard,control_fail_FG,False,db5f6c2919456fb5dc3845b3903b87266c2fdcc5cfc156ad171959dc5194a78b,93,120,12,False,yes,yes,yes,4,5,5,2,3,3,yes,True,False
case_211,7q15WZ4iSUDvqfs5Kdh9bfptkQhs6qKUyCUq6GY6PGxg,standard,selected,True,58277b0d76771b5fdcfae4c6e82038fff273576f5e59245583b031c4401d1c7f,99,120,12,False,yes,yes,yes,10,10,10,0,3,3,yes,True,False
case_212,sexdaHGyH9bgk6k69hFjxr7Jc2wexodLk2NCx3oP1ei,standard,selected,True,a52e938fd33f5bd8c371c910c797e4ce1401b2ef7d8bbb70bcd5710dbff1e219,102,120,12,False,yes,yes,yes,10,10,10,0,3,3,yes,True,False
case_213,6wpAo54SVYZFaocEiSjBSFkzrnduAA5gxDmwdK7g6K5g,standard,selected,True,6d5a90470fd687309f5588d17e86400338346059088ea8e52e2948179d6d217b,133,120,12,False,yes,yes,yes,8,8,8,0,3,3,yes,True,False
case_214,HmkAsREgMTwLxtznb4wzomNxRw7EgiRUvdKhtX1CwxjL,standard,control_fail_FG,False,d52eee6445c211beeb130e994e7263a5dbbca222eba10fc470303aa72c9fd0c8,126,120,12,False,yes,yes,yes,4,4,4,5,3,3,yes,True,False
case_215,3sLowLGsvTVTaCa7kq7h5fgdBnA2f2ZxyqqADCDzWqay,standard,selected,True,96890eefe87976a37e09c754ca389033fa943114101148af2bdfba7f857c0c85,213,120,12,False,yes,yes,yes,8,8,8,0,3,3,yes,True,False
case_216,CoBYjRwyykXMWDCZULNP85pgN7HJQsk9VUer8FxXg37P,standard,selected,True,73e39a1b8a40da76e16fd3234affeb8f268a56dd07c5cddcc6c33f77ce9d666f,207,120,12,False,yes,yes,yes,10,10,10,0,3,3,yes,True,False
case_217,FFxB18bP5bwFPLaQg7PVnamBcecjXybj1i35JqxSAUBv,standard,selected,True,b9b52760e34257640dc128a69f8ff2b6aeb0b5a497c6d32c73f5cfa695c513bc,80,120,12,False,yes,yes,yes,6,6,6,3,3,3,yes,True,False
case_218,5tsotCtehNwUo6Phy9D34qmoHuKMu7gMJdBLsLzApFM6,standard,selected,True,79a1cdc3379820d5f836c103a7017f11f4f228037d9608dc9e2047a45ea79661,178,120,12,False,yes,yes,yes,8,8,8,2,3,3,yes,True,False
case_219,GijFWw4oNyh9ko3FaZforNsi3jk6wDovARpkKahPD4o5,standard,selected,True,df3f656f47271f3a2598c150161957f98b8f083d8474819a8da13aca0f16360e,67,120,12,False,yes,yes,no,9,9,0,0,3,3,yes,False,False
case_220,FSSFn3JDeo68dyyzuzSCEYiymXwD82iXrPKG4nqdSfFE,standard,selected,True,d7cd3d5b76038fbff5aee01d93aac5f62c4e71b1f0f1d16eda9ade0efd977027,33,120,12,False,yes,yes,yes,10,10,10,0,3,3,yes,True,False
case_221,N1MBLLFYromWQ1qBiPdyW9HxwdbcHazQ6aF4gaLS4Bs,standard,control_fail_FG,False,abfa900a7a4716e0bb53534e9f3b05f50920621c1b658359ecff12381c438fea,158,120,12,False,yes,yes,yes,7,7,7,1,3,3,yes,True,False
case_222,4CQwwHb5jeYGQ2c58HKFUTiQXS4WQLBVMhKbSwJZ95Rz,standard,control_fail_FG,False,945febb061fc2d7677f416f02f1e850efa7eb14d5127af96a4f7dd33db618d96,83,120,12,False,yes,yes,yes,4,4,4,6,3,3,yes,True,False
case_223,FGDWvfBVwzN8rA2KRBqY37P53dx3CTE725n5MCKnWimN,standard,control_fail_SC,False,d452252e2bf6d207758b08a7abe7ffcbc08a682bd78268e6e54b28f675026336,62,120,12,False,yes,yes,yes,10,10,10,0,3,3,yes,True,False
case_224,E6q9uETeLq8kqJoAQqwHjkrKAzaJbn64GXwtf3Fd1Dtv,standard,selected,True,45d455e1e532dfb044114ca7b2c97d84e1c9a16744d0662bc0f9d3256059da2b,99,120,12,False,yes,yes,yes,10,10,10,0,3,3,yes,True,False
case_225,5KtyXDnvWshYggF69yij7pUv1KtD6SyFt4zoVDvuHmwM,standard,selected,True,a01577a0078443fd494a6058d2bab9aeb498f347e947ff60637b34875b1e52f8,223,120,12,False,yes,yes,yes,8,8,8,1,3,3,yes,True,False
case_226,1aDerPKk87xJHCAqTY5bGxF5Xet2MG476y4Zmq2WJ8Y,standard,control_fail_FG,False,c5956c1f68d46375257a44cd601d6532a7afc00284422c0cb80c80eddac2da34,103,120,12,False,yes,yes,yes,7,7,7,3,3,3,yes,True,False
case_227,GF8x6XiUohsgePge8cxdAk9fZbXAREZxwJcM6Nfhaeh5,standard,control_fail_FG,False,40f923ac0412ffa70f1a56837ef4bc43b0516e54da60ae11d02545d23a933bb1,110,120,12,False,yes,yes,yes,9,9,9,0,3,3,yes,True,False
case_228,undwZZbXFTXAizTeeNpmygJDa4pWopEr1UCDSWpyo4y,standard,selected,True,56a17e6957cf1f2b014c22f12eb1d6083ada2ea5bda5645e8182d14af1548802,155,120,12,False,yes,yes,yes,8,8,8,1,3,3,yes,True,False
case_229,DPwH9aWrYGSBqMiPNLMW4Hti1k1xgq64t781eycfLCp5,standard,selected,True,733b49f480d62dd4719659a599f0bd04e559d21e590504fff5327e09dfeaa2b4,118,120,12,False,yes,yes,yes,9,9,9,1,3,3,yes,True,False
case_230,SPBZaFZZfgeErEvwkBu4LJJiSrF3RKBzvgYrerRY8eC,standard,selected,True,eefd8dcc091aeadaf5b78d7548b1ff636901e6708cdb8d2c4e6369fddd8c9501,115,120,12,False,yes,yes,yes,9,9,9,1,3,3,yes,True,False
case_231,4JSJp3yuLRFwboNw2G5k2vJkonYvPB71SjRcJpvuRMJ3,standard,control_fail_both,False,04600323ebb40b501a8129acf5e43e2ae2dd6ec0fa2752dfdbda22703e2ca8f2,50,120,12,False,yes,yes,yes,7,7,7,3,3,3,yes,True,False
case_232,41pb1irvQZJQKmTf8mQzKQcM5PzroywZc7d3azPGphxQ,standard,selected,True,4e432265d04dda6fae7c1cb125fec644d0865b2ed7af5007747d9245301cf253,239,120,12,False,yes,yes,yes,8,8,8,2,3,3,yes,True,False
case_233,FVQoFYTP3B8z7pVrdBXjN85h2QVgNA37aWT6f1E6jzJU,standard,selected,True,2b31fdc5f880ac5e4b7592650d7a2d762d34668c8b167f4cc3f267bb4af282b5,69,120,12,False,yes,yes,no,10,10,0,0,3,3,no,False,True
case_234,Hw2V1qFbA5AVJaArb3t2vYPdmcBU9TsjEeVyxJHwFLfW,standard,selected,True,b02e6c27c556ea4b601125a6337ed36aa961cf371fdb7633fe82bc40681f8829,148,120,12,False,yes,yes,yes,10,10,10,0,3,3,yes,True,False
case_235,7v9MuLaDM7vwFfgUXoj8gPgEYaWAPsU9Uq89NMs4NYtQ,standard,selected,True,63565780535d7990eb8c52a91a9b20bd35ea28b24c1cad31b30e3076bd586a06,97,120,12,False,yes,yes,yes,6,6,6,4,3,3,yes,True,False
case_236,HJzopmmEpWb2tVsxcmQShEXA633KGQ269yJ2NYu7biLb,standard,selected,True,2b1e83bea2df59ba94b8e91e53307ad89bbdfe746d2ade41fff8f7249c487ad8,95,120,12,False,yes,yes,yes,9,9,9,0,3,3,yes,True,False
case_237,4f6jqvmCpGeApPFH5AJC1npxASw6ppjnJjp3zYG78jaT,standard,control_fail_both,False,ca5bd631a4d11388126d7f95d00d00fbb901a7a4f43a3f43c647b7e0bbf93211,59,120,12,False,yes,yes,yes,5,5,5,5,3,3,yes,True,False
case_238,299BXifekZ82ZGEUgkq7uLzeP6zqtRAccy41GBPyhhtq,standard,control_fail_both,False,6a096fc72af2eaa1b76b5ffc5eb6fc898caf0d9ab28d262c5e6ec0554ab886e3,93,120,12,False,yes,yes,yes,4,4,4,6,3,3,yes,True,False
case_239,C7y4i7Pcir9xmotVyUb3S9Mz1cnjmpxGKyGDj7vWnoza,standard,selected,True,3ec705cebdc7585e4eee16fca4ecb7229b6a68b334af827bec93eb11ce4ead15,141,120,12,False,yes,yes,yes,9,9,9,1,3,3,yes,True,False
case_240,4EsYuWFZAt1PfNJq8Jr7monip43gNqrQ7k2Kne1npqJx,standard,selected,True,4b1f79fc9069ca2c7d317c732dd7c74971af1c88d597c7144f7d4fb752589313,76,120,12,False,yes,yes,yes,9,9,9,0,3,3,yes,True,False
case_241,Phhrg6oXPVmShUJdz2tnsidrAgwpHpYKauuGKbPVjEV,standard,selected,True,777dcc07afcdfa65b4c6beb053d0c51d6eb0510b89ac1cb420012b5e48409793,70,120,12,False,yes,yes,yes,10,10,10,0,3,3,yes,True,False
case_242,FSNsDF2atKMSMvoHRbpgXTz8CobtvczVsxQMbr55Tiw1,multi_split,selected,True,61c73cba3acc645a527ba04b0e87e5bbdf69d777d38833d5343c04a88bdfdd02,116,120,12,False,yes,yes,no,10,10,0,0,3,3,no,False,True
case_243,CAmNcBJ82xr1tzXrwZ6tZKwEFs26TG8kT6dJeR1bxjW9,standard,selected,True,e1d64f7b67229f080ac3c543d4a397c4c54dc566b0d5327eb2a1092741cdeb59,77,120,12,False,yes,yes,yes,10,10,10,0,3,3,yes,True,False
case_244,GKCUHMsiadxpiFkEw4dFbEfrXJ7gUU4dc5dGRs1Eon5U,standard,selected,True,0af30e7d8ac9b07f4a80c17408c52af78e001b64c266f651e204d3861891c743,123,120,12,False,yes,yes,yes,9,8,9,0,2,3,yes,True,False
case_245,AbSSFc4bSytcu5kTUR9HpUJhM72TVRdFn3Q4zh2Avzm5,standard,selected,True,965b62bcae7b65510ca007fd84c0806f9563c5839dbc82f7cfdc550f4f10fa47,120,120,12,False,yes,yes,yes,8,8,8,0,3,3,yes,True,False
case_246,1eveYYxZ2mDiAnmCh3fnAbJwjgErzokRA1b6UrRybSM,standard,control_fail_FG,False,23b32c65314952def50ea58ac0e1e3feb061720819d0c91bcb5e7383d34d5195,100,120,12,False,yes,yes,ambiguous,3,3,0,6,3,3,ambiguous,False,True
case_247,47E7NG9r3rsAoBRmc9f6tSR7VE5UVLiz7D3KmjLiTdKn,standard,selected,True,64bbbdab6facab107b98896b6268941883053fa6110c990ef79b3ab6aa9cb1c8,127,120,12,False,yes,yes,yes,9,9,9,1,3,3,yes,True,False
case_248,goat3QHZGXQH4zYdCn4cnJpjZgTVTrp98Lt9fJ3jgwd,standard,selected,True,5b43d89b312ad7b32b3c66246588669a124e1041ea786cd26bd8d4dace2257da,48,120,12,False,yes,yes,no,8,8,6,0,1,3,no,False,True
case_249,5Qw1sRieunyYXDjrY5VjN2JHqqYxKARfjzrrSydEMzDX,standard,selected,True,888cd52767bd11af3ea7eecb9bb7acc72a381bf6b195f4408bd53c20ad52f778,140,120,12,False,yes,yes,yes,5,5,5,4,3,3,yes,True,False
case_250,sLUTMSPCwrQxdW6uJBQLBb9AdktraYZd7BXKWVfpvrK,standard,selected,True,f28474cbc8b12edebb13f6275367620a1fdce93aab40566e74f67b5203cfb024,133,120,12,False,yes,yes,yes,10,10,10,0,3,3,yes,True,False
case_251,MeskxyRYaBhYERcNP2zLVTqFVR43TMX4MihyH7AU4XN,standard,selected,True,826fc6599b9a3fb7f38862b30b60ba0b9ee54275969b99dbfd0aad875bd0b3ce,137,120,12,False,yes,yes,yes,10,10,10,0,3,3,yes,True,False
case_252,77shyvx7LWiejVuqZQont2pqdMR4EvofLmwaB3FAjpJC,standard,control_fail_SC,False,c5f16411eb5349011b584c19cf2d20624822e5374dd8cbfdaefb7e39f17f3227,53,120,12,False,yes,yes,yes,10,10,7,0,3,3,yes,True,False
case_253,rJRs9xoXjH8GBRMNhM4UBvMLEFDXZ3BZBurs3kw6TEf,standard,control_fail_both,False,02178263cb1e0b93135fd76f1ed488861dffd211683a8b77adb07f6e75b8a5cf,69,120,12,False,yes,yes,no,4,4,0,6,3,3,yes,False,False
case_254,2y9n5DZ5Eqz9PZ4guVJyFYUcPMoR177QxLhDBhWcSCfo,standard,control_fail_both,False,e2b74329000adc3ad7ed3d0fb2105e9f222525625f0dfabd1d6c487a5b9b5664,60,120,12,False,yes,yes,yes,7,7,7,3,3,3,yes,True,False
case_255,81A1q9jRudttukDSoUccjWXKSZxqn29gcJmLZSqMQCjQ,multi_split,selected,True,af144fcc07ff97f14ec2a50fe3820a32249f6f4674e1a0531d9d9b4ad4665721,133,120,12,False,yes,yes,no,10,10,0,0,3,3,no,False,True
case_256,HebCWRzLJ5p8vKahEMjFQvoZi8oap977agVLLswUodr8,standard,control_fail_both,False,ba85648342cad25c2f1a9a721bbacacdeb4cb503458fff22f26f9b0a4e5e4769,56,120,12,False,yes,yes,ambiguous,5,5,0,3,3,3,ambiguous,False,True
case_257,M8bN4uZWCQVqaQHzp32Lrm2zieGfp7PodVVfJntrWvJ,standard,selected,True,0b99c38b500fc69346f36dabd370ab69d77f4054ba9a2112b80d2ff9d6f4237e,90,120,12,False,yes,yes,yes,10,10,10,0,3,3,yes,True,False
case_258,MWRZZ7WwPojwHgEtWQFP4XNejkwQ5GyJuZR5BLGbSea,standard,control_fail_FG,False,d5cba842746cf5fd23c66d2e764fb3090e76ac41a717056aa18a64e2fd44eaf4,102,120,12,False,yes,yes,yes,7,7,6,2,3,3,yes,True,False
case_259,huyYVZMhMkqeRKQFxdq8dwinWgTNofb5W5kAN82fhQF,standard,selected,True,78038cbcc64c7fca3cde19462619aa861724f58041b6ed8a6e054a8d59c1f748,161,120,12,False,yes,yes,yes,9,9,9,1,3,3,yes,True,False
case_260,H3rUiKEFPnTM6CHCmJqKt4Nd1xeFATK9aUmU4sbD5za7,standard,control_fail_FG,False,b1123277d10a6ea50de53f80371276c23f7b40a051d7b51c1c7f75ced25defc6,70,120,12,False,yes,yes,yes,9,9,9,1,3,3,yes,True,False
case_261,3fZftz6m8d37X5pBhnF4rHhgrG5hW8rsCKgdhtuPBf6u,standard,selected,True,cecf91f61fe2b48d665f49dbd807108bf36c58c3126ee45a89b847ff43588504,202,120,12,False,yes,yes,yes,9,9,9,0,3,3,yes,True,False
case_262,STorreSu8X6yPLmiEScNHSGDinqV7j84hWjmvH9SPwk,standard,control_fail_FG,False,f902ff43534f5238fe0edf3027ac2a502725b0becf8c1b62150d43b46a41e200,148,120,12,False,yes,yes,yes,5,5,5,4,3,3,yes,True,False
case_263,GJvewfRjqTUPtx6WsBSUnaFbdgXwgXnWfpDyLm65T4YA,multi_split,control_fail_FG,False,3b09861f25fa12ec94ff44652e740a02d313574f98fc0a738ac2b8ba83149062,90,120,12,False,no,no,no,0,0,0,0,3,3,no,True,False
case_264,8spapTxhAr8qQ6LybVKkDZoBbqj11e66AiaYQeH7LEm6,standard,control_fail_both,False,bf62ca2d058c683a7b0a9d8dff0470ebaea2d76890fed7fb5dddbdb5e6569f8d,107,120,12,False,no,yes,no,0,2,0,5,3,3,no,False,False
case_265,CgcQSqi4Wmsg7jocVgSmKiZGoDwsq2mfJcC7wSd2yroR,standard,control_fail_FG,False,8d50f8c32fa0cb5af760e29381e0814f9b37764711eba5b5ec576687f89c1aa1,115,120,12,False,yes,yes,yes,9,8,8,1,2,3,yes,True,False
case_266,ApRp9W3HWMogxVfyzZojxKurbcSwYszq6JLVRd6vbqsK,standard,selected,True,9f18ceb473f77e3f3cebf07d7f58205e00bf464a6a6bb7d10883225f6b6d25b3,108,120,12,False,yes,yes,yes,8,8,8,1,3,3,yes,True,False
case_267,2x2rRMXzB7sG2rpEUJBJPRoo5cw2Kknh9GokXsi3GrQh,standard,control_fail_both,False,4054b0f7ac71c91d2cd971b469112cbd1f98b952ba40bc8816e566e8442a0d94,40,120,12,False,yes,yes,no,8,8,0,0,3,3,no,False,True
