front_signer,epoch,n,victims,usd
3ZPJW3uMqgrCAht7oLAKvm26smeEw3H1AeoVkXBefp68,958,17,17,44.15149999999997
3ZPJW3uMqgrCAht7oLAKvm26smeEw3H1AeoVkXBefp68,959,12,12,39.874067119999694
2YMM3oZ9g6Dw4MBbj7yHQ9EaKRAKstDTMdPBk3LmH7hD,960,8,8,478.4837896800013
FT3gXM7CjL1rYfoRoBmjgPGb2bqtYv2AwsTHXE7L8evV,959,6,6,105.67819591999952
2YMM3oZ9g6Dw4MBbj7yHQ9EaKRAKstDTMdPBk3LmH7hD,951,5,5,245.45446439999918
HZ6jYBZU9vfEzNoTM4MkGvYHUK6AeKfTTDA4FknnFxMT,960,4,4,240.2728553746248
2YMM3oZ9g6Dw4MBbj7yHQ9EaKRAKstDTMdPBk3LmH7hD,957,4,4,215.4958946399991
7biDMivLRQVu2m2s8w1LP6DEqxu1sjsTcF8W6fEErhXx,958,2,2,35.63415152000033
7biDMivLRQVu2m2s8w1LP6DEqxu1sjsTcF8W6fEErhXx,957,2,2,39.39674663999973
2YMM3oZ9g6Dw4MBbj7yHQ9EaKRAKstDTMdPBk3LmH7hD,952,2,2,115.04700208000006
2YMM3oZ9g6Dw4MBbj7yHQ9EaKRAKstDTMdPBk3LmH7hD,953,2,2,112.83056239999979
2YMM3oZ9g6Dw4MBbj7yHQ9EaKRAKstDTMdPBk3LmH7hD,958,2,2,137.25674039999973
2YMM3oZ9g6Dw4MBbj7yHQ9EaKRAKstDTMdPBk3LmH7hD,959,2,2,120.78117311999989
FT3gXM7CjL1rYfoRoBmjgPGb2bqtYv2AwsTHXE7L8evV,960,2,2,39.292822240000014
2YMM3oZ9g6Dw4MBbj7yHQ9EaKRAKstDTMdPBk3LmH7hD,956,2,2,114.28527592000023
DY9bRzD5pab4yY3sJqvphpRY9yK7ox9mpcYchDtMCTKs,953,1,2,-0.14588819643082118
DXNeWBRBmcQmYSXqDMRoqpuMWhDQfw6EZajdxfDkZqPP,946,1,2,-0.01378095889605413
Dt3MsjnL7UL6fNk7m6szT9aqPQhb8bpo78c3Ms8j9hxe,960,1,1,-0.009488642461457641
DoP2W3exgJygUd5LPC491Gbxj4xHQFgCTCXFFGhTkQ9B,957,1,1,-0.07572185478267546
DnQ9GKtZftePUdRf597meHzc2VeoQL1h5Q5y4B4AUwgu,957,1,2,-0.007770092266894957
DkK6RapncbyzLSyf664V5UR3R5jpGHbx3SAyrEyaTtQp,960,1,1,-0.062020013878612
Dk9xratXxwv1KxGytCENCJfB3ATB4bsbkDxwXTBdiK97,958,1,2,-0.015294848287212837
Dk6Ty2pJE6R94eTtDuSncXHrp3Wq8HMx899JAVYHptch,960,1,1,-0.01445769972143962
DjsxsW9yQj7RZSgym7781Lpqh12RD13sfaB57ZZPJwnp,958,1,1,-0.046313135463054156
DZZAHccgWvUihKfyQeVgRzBiJQjqY4e4Lotd4H8YtDqj,959,1,2,-0.008634661352805717
DjgT6aZaKjvocRsRaw57kPpBpNFsLBsbN55R7fHmMPpR,959,1,1,-0.04916533445886939
DjLvzYcCXGJHWeXf2vs6rZqcjNfZ4NTKtRkwuEwYD9MJ,959,1,1,-0.015382839385078007
DjLPEFSPbUuJWSYokYxkE9wmTQRVrSBYT6xGwaxB5A9R,959,1,1,-0.0709666003645637
DjKM3dL7CtBpaWdJThUUWFiAKsQqqDNmPFpqEoUL3gJr,960,1,1,-0.26601706053589247
Div6iFd9iQEmvZM4sP6HGgdKGs62oPUzKZXqrmWtz2PV,950,1,1,-0.1458938115167019
DiTYC1RBGNemkEyddE1RTxC2Bax9j3WVtKnh4wmNxymy,957,1,2,-0.011166825389474777
DabJeEC9Gr65QVwDGupHPDc9wNdhoe2oYG5DmaGuYsgt,957,1,2,-0.1718016484567908
DTe6QWoGps8ZMunkmZJsGXDkm9phr5rHF1CgFNiLAZLD,958,1,2,0.035455565146379486
Djnkd285MwByi5pynzxFoKhSWccisCoKddCwnjhF22yk,960,1,1,-0.0004210088523345923
D2yMLCu2kNd7TkVFePTTFru2HeCRCYdKGdWdnc978rnW,957,1,2,-0.17079768223979386
D2zJ9D6KJKK5sd5o5qJmUGF3ryKThtqURUxpW6RaPDXJ,951,1,2,-0.07422224791277854
D3KBxwc2PjDjmGPgL4J7EtU2qG8nbPzcTs6gwEw8391s,952,1,1,0.004378665009876492
D5F5jVbYuusH3rNb9ZJYwK7nCoeUw6sBS3N7nkcqAUB1,957,1,1,-0.05816464440341118
D73VmvccvXNsBRCH4hyunwTmUUdfpTxTJe7uUHGndojG,947,1,1,-0.014511665194024137
D7dx5wPREVLsCfb8rqat9GshYnPjCbGS7t7HKuy3NP8,959,1,1,-0.06285357272300507
DA4pNKQcuh9n5sdu34b7sus3BdFoEgSXoeh8XpkF2bZu,959,1,1,-0.028010669176762315
DAYQJ2eTxopqk6UnTtYmJz2pgfLjRoqRNmZjf3mGU6cW,957,1,1,-0.09042796597605651
DB1RxnxdgWmtcDQNpxh9mZGAyUujWNJSrNguz4K6X8UP,957,1,1,-0.09538934308704228
DCV7FFBVdGMwWKL8G4khujsCdsVwwFpbVbt8QXFGi9NT,958,1,2,-0.018049493723683585
DDkURf6DrJJh2TSm8UzeUfdhV1sLpbXoxbXxmRpQPSTc,946,1,2,-0.0927199265849099
Dr7MmzgzU1rTuPWt7jeUCER3pEETyfUhLFbGPSFZGHzi,960,1,2,-0.145385570376102
DFzJJ2S7YvZsEsPHVMkhfmbLxzEDi7KmYzm1GZdUdadD,959,1,1,-0.167656813462278
DLAyfV1PaB2R8pC7LzBLqMwjAzmqHiSgVSf4HDzxdgKs,954,1,2,-0.14269088293193732
DLKYB7h68pPWtoo4ghesGqRMAa8ss28zcTmiHND3pF9z,960,1,1,-0.010195817338861657
DLLPk3nkM1ycqxpPCuvB1CGX3hpfDcecNFZMw6xP9Lsf,958,1,1,-0.009429341027676619
DLcTzZPChptasV8rDLwWkr3vQ85UBCWKKiDqqfFchFEp,947,1,2,0.008529030473727328
DMzJMFkZVxLt4Ja93HjoXesx9v5V9jt1kWH71Dc7w855,958,1,2,-0.0066948048580917074
DPfzeJfCWcWNweqhnzoqgSAjCTisn8Dx2sZyDD5eW8cV,947,1,1,-0.05770608504599872
DPvzzXjvxpkgQ3Q3bWD9x2Q2qvnzPmeaaDpUAfTZRFFr,960,1,1,-0.08272111275641425
DRJgsgSMZVQtb3mQuER8tG9BErrFdk14cMyjdYowVy3f,958,1,1,-0.002006965292115151
DS6SKxczPTSZ7mBzN9ZT4xPeLi4CkrDtBmHkQHoUf8fj,947,1,2,-0.008260303915234024
DSRmQVHCbg8fTyxDchxJGzH3nKatinEy81eQqpTqT55M,952,1,2,0.014673740318265072
DTL3n8YJaz5v4PvvLyusCMn82HY7cbjB4hEVp9igYgni,959,1,2,-0.04279470659663831
DFiVAG7LjfqSVi4CDPhEYvkyXpXGeYRgpuurvhC2AmPy,959,1,1,13.839033520000008
EY87fDwbQkUsdv9ybW5bLfrbYeFJ1FQncxzVGGxZVQsF,958,1,1,-0.0474136492706867
EZ8cFa3uaFEYcakjRMtLyTexKdm7QPVKn4TSuSHMCwKe,957,1,1,-0.045830082784561466
Ea2whYmpUDEWv7Lqrawqm26tWfaAhK6PEdtZdZ37GrNb,957,1,1,-0.03302375252075329
Ea3sjmj2WT5RzM3un82jL8E8qc2BKiN6aHaTL7z3uiap,956,1,1,-0.20055424781878273
EdEEH9kCsVo3ec8NABFBDp9JwqFFd2fYKws6eEBF433v,960,1,2,-0.01953371561625783
EdjYGawtRoTdE4AhfQroebjA2uNBSuc1Zp2kRJhifGgt,951,1,2,-0.2519244635415063
Eeg4QTByAeYhurn7vCLF6ebBGtwZvoP7BEwRXw63qBZ7,957,1,1,-0.02531611941846923
EhqerZf8FVYVAHMdwVPw8VpYSmGwauLVT4biXu4qMnKb,957,1,2,-0.3494669145043616
Eir8VE7kkMw3mkF2hsmX89oaME9ryVv4gtooHMtTTSHG,960,1,1,-0.023071651640897972
EjqUuQ3WMQSuJCZ1cT8vmzTrJp49hpw4sRkVgPofzVXu,958,1,2,-0.0029425217369549728
EoE8xaopSJ8LNVM6ggv5pGgdimTtcK37vxWh3jFFxYu5,957,1,1,-0.11835302851724183
Dys8CruMNGTUToYTVEEk4tLBL9u7HSGcSEGeZzUoXUjk,958,1,1,-0.03437676663796463
ErfwdCL7LYAWmEZ2Lo9C7YNnuMWJwYyxaMTwm9th6scH,959,1,2,-0.025403879890045777
Es9k6N9BDEnxBKKzMmEnRqhFM7acoFAGnFDPXiyoceq7,957,1,2,-0.055145368535363115
EtDa4cmUgBanat2gpDscpExu21YfWaPcywfQproNf24A,959,1,1,-0.2594579483114323
EugtaNASh8w39V7PYr1wPAczHm9Mor4ckbfKiQpyRmcp,960,1,2,-0.2747483583324861
EuqKgfbE6JxtQRaoMjRH2p9wKHTT8Ur5sQxRXLLyi737,956,1,2,-0.4092461336449915
Ev7uNyjnmru6Z4tCw4c3VXPfgF1f1u4DpnDgTmaV8Vxt,959,1,1,-0.025847271756888057
EvC5QdxDAWXPZ7wjhux1QUDrGHS21263cChBuLkXe59n,958,1,2,-0.014212235428274211
EwHJ6wepg126pd7ed1bTzabvoZmtfHfSq7LrYy7krzXY,953,1,2,-0.0025058915364717382
EwVmUcaKWGoFSYKdZ4UiAybJ1qQ356GhR9n796pYS3u4,957,1,1,-0.21691721236739347
Ex84DbDKaiUv9ByjdSKhhnsYCdfionR8TtWvdiyki4mS,957,1,2,-0.007111016145839033
Eykw5F1SpQPyKyMeVVCiur5AkL9vJXPmJJQCJ1D1R9Hr,958,1,1,-0.011293215915837429
ErKGRaXN6PuZ1uAJevfmLWEH3PkxDBpvS4NJJ9WLA39Q,955,1,1,-0.12045280995983454
DtT85e8mmp21xJ817qRLU8KBTrzP2oU5ifpTu61ynyNb,959,1,1,-0.0325781625283339
Dudrz5gJ3fdTfz634uE2bBt51fzNz6JWZu4CmWBmtLe9,950,1,2,-0.011673263818068325
Dv18WzDA4UywtjMHZa2KN7agJNEJSbtjpVBzc5SpuD6J,958,1,1,-0.018566646876059245
Dv8qXnEUax3LYe4cGJ5XJGQ4U3YQdonhCfnzKhSXvf9Z,948,1,2,-0.007189787915140855
DxiDuQp4uQT93ipFikBeAGCohK4vc7Q9pffHrXVWv5jo,956,1,1,-0.27361766519316433
D2MJAMKWKbH7G8okegu66XoyfZzCpkXKektneoi8CgV3,958,1,1,-0.024533308144902843
E3Nbqr8n71cve6oCxj5JQix1X5zrLHDupZwNxSNLUrUZ,959,1,2,-0.001521920450702277
E3TutK9H998HC3gbERmTmadHHg5GUVPJB3zoUYAkrNmQ,960,1,2,-0.05367046556749688
E3i7SXqUmPfxS8AKYscHANyJWrPuRH9RpVeqRRu3bqmC,958,1,1,-0.09546985468044555
E8H5fDNyXo65HC5XTe6wsVPjpegFjrn9ZXrU6mXqaWCs,960,1,2,-0.0026636799458901184
E9EHvnKMwLuf1RhQpahcPNQtwfBMdyVD5rhpgFdnZMFc,957,1,2,-0.15518407834032022
EXFh51cK9DUUkYKqTH2sTiLZ7vyvN9mts8qk2Rd3RNnb,950,1,2,-0.009472653166984757
E9kCGRBMDhG3AfzzvXJeX9dBpdJv4W8BcUFz9BMcmsnF,947,1,1,-0.4534106359196777
EDmMeMJhbyEW5k1GwRZn9h7YKQdvTAxeASqbhJXA1rK7,953,1,2,-0.01116097817300099
EJNmcoXeJt5nQATbHgX1A2c2KHRYBpreQzmddps1nmGp,958,1,1,-0.000672515252492234
ELkRasLbFZCgfmrXNDCg95Ax855jaFjBtTDUnMDV6Tvg,947,1,1,0.00037061537737088923
EMM6KYA9fUo4FWU4n6sZo6EUcgAbTuMfemYALejbTN9H,955,1,2,-0.0787373175832573
EMTN8etur3NV1qy7rkMGDn4ujXyA1hFkLpMuqe5crXLA,951,1,1,-0.1076879857907409
ENH1kovS5pogU256Bzj9ysG4As7DxVh6yMZQRKiRMPon,957,1,1,-0.014816519588176646
EPCmtzE5UBnotB8ytg5q2oNZzzPQLjDQ5dTKpckvrFCV,958,1,2,-0.015230056792935875
ESm28asFgSQavVPbLBbFGmiKtBvpJe6Bwj11shTCERxU,958,1,1,-0.1231489979766387
EUH8CQBZTmmU7ob6rpnboDcPdJjLZmh6e6EdCSfewuBf,957,1,2,-0.029286964051508102
EVKHzA6XFeWJCU6B2DrtBfM6KqGXi1YfDjov3Yteb97k,958,1,1,-0.003663934155205828
E9atYcKun4i5b7RhiJAPiJgswSgyKAQHdEFq2qpfLZvM,960,1,2,-0.011809181803486002
BMoiKckKRjCBdJBvMAftRc6wYNStZ6DWShpcCKxxYog2,960,1,1,-0.061564697334712815
BRaFruJzQHbCBYD3n3z6iLqtswcHQdRPEH58v4JTvB2T,957,1,1,-0.01560607611241327
BSMSHALMpckXDVHSobyHEyzMKe42kScW2XtvAYEMR5Tv,947,1,1,-0.005048374091734531
BSrjnMAxQLBSwyfzxhLHu2tfYe6pRA9wUPkfMvreb9Cb,950,1,2,-0.19032645151368044
BTBccnoDBg4Bq7EMmFKZr3WMbkfmf3AocP2PvYjEiH2R,958,1,1,-0.14383087664919358
BU266zbtRLazt3L88ZhcyHYQjtV3UJarSLX2DJmo5gx6,955,1,1,-0.11710775307076648
BV8ZUFPrs7KoZyPvjET3cPJtrPLFYBxRR6eichhSJS49,959,1,2,-0.032108555319545484
BVtpkiNamTkWhu9jwtjHzUWWRDuNMuaSELXit2w3x3Fy,947,1,1,-0.007318413411624702
BWFtNdMYi4HtGLqZLWy1apvCSF5M3C9PdLUnVxiaKJDQ,948,1,2,-0.018554369437054907
BWbimb7yAmCgsg7TVoLt5Y2PKQ7aFRLkk5iRCmVmhTbP,951,1,2,-0.045783960036387406
BZc34WG5H8qPwvhkUTo51YZ9xYSXTmkHR8RxK5VQv5xy,957,1,2,-0.0032737494154722047
Cqy5kPYMRubBAHR5HRLFiSyWnwF4gFLa8JQmu3WPSJio,958,1,1,-0.11572218689781977
Bgj7imgewxkAeQrSh73Fxw6zkDN4reiEqMA2ujWBXLMh,957,1,2,0.037711442169495735
Bhyn2TCJ6dmamtLkGJcQfmYph65TbRT7rspP6fMe38He,948,1,2,-0.12654922247936184
BmfhUobuskuEQfFjA97nEsBoz2o8RFuJoEc9SbxHXiZr,960,1,1,-0.04046125603648698
BnGz89K81Wecvf4RoFDNFWuYX8HRyxVkGQRrr7kQeqDZ,957,1,1,-0.19686443031855738
BnxZtJ8Z13oyojcqBYg4TDGxpDmDdk4HWJRQJnqtWfCL,957,1,1,-0.05781407865316224
BoA9AA2tTirGsjymfJqcJmPzsRJbHkacvA7gDnGNtYpR,955,1,1,0.011906239999999735
Bru12xbbfnHoTecTFrPWpi9TeDyx5kBgHW4aPyipxFeK,955,1,2,-0.3775001638470954
BsGEAgVENVrrfvafhU3yUcsjEbpDBzGkuktLQn7z5XZQ,959,1,2,-0.020225112072463913
BsfZMbRP3GqhXbQzjvKv9nBU1KzWiWfj79HePXUMuMEC,960,1,2,-0.004018408202537405
BshUa8W7RXeRva9Vsx6j6rDa3mhejHX42YxKxwToCEeF,960,1,1,10.99997192
BwCNjPYtfKEU3huT3EJoDr7ccNynWoA6kHxDRSFBySYN,957,1,1,-0.0644513102637867
BdyabsWjtH83dsDV6Q1yvr1eQeKVWCXaAiP49oVkArVr,959,1,1,-0.007248208285887681
AmA3bPwkdjgVmeLcbxa8jXdBp9ZKF2ghg3DpDsGgRhzr,959,1,1,11.66407264
AmWvRiYQ5tstZq8JRsSSDb9dCT1TdALjsvuByCFGjfn7,958,1,2,-0.0042774584171666186
AnJSxndw1nuNgo7zxcSAaNZCECBZq8i7hBkMCjFq2DkH,958,1,2,0.04932559881718035
AnY15nbZoyUQESFMpABC5xETiQADW3CdUPzT6thv81QA,958,1,1,-0.32712715474591647
Angr3v1FNtLrnzcNbPFf4iV5aiqTZWC2e8Wnb2htbxuo,958,1,2,-0.07331391680217791
AsS8EHRHaASB7AGPNKWU3zLuT34uh4A1dVgYNfbHTZtk,959,1,1,12.299969920000002
Ash1WFKXBWxjmBud72yHtyhnnbv2mqbuVsosEk7zztiu,960,1,2,-0.019051754722277936
AtKShD7DDf6XT7cAZVMg8vBdUVeZJovCS1JFzas3S6qn,959,1,2,-0.05751586028967193
AuZqTcnXMrmbPjXcxX4UM1JNkmA12q65gzNoELTu7SYA,957,1,1,-0.0075503660089479285
AxEk3CbU1hq9yVcEjmWWrUPgkZXVxQnk7eb9GJq4LPBV,952,1,1,-0.14779228946450118
AxmqMtLqK1jcaD92d72evssJveistAafSYZBS1Ty5HtT,957,1,1,0.08693094761007103
BLmNvRKapzVoiMQCqXLhDY8GS9rz3i79gA3WNxpg1JmX,957,1,2,-0.027143471812574038
B67kZR8sZuuSQMg1H72ov1tYb4UKeVXits8uvDnVHaeB,947,1,2,-0.023608089119443454
B6d9mLNySnzsCSS5MSvR6sRTVJPhcEQhMyX38AoVUHDJ,957,1,1,-0.13129710215293855
B7j9Djzumw9XP4qLwc9cXqqzxftzipafWqFyKrh3NWoo,957,1,1,-0.06580208131487852
B7wZiAMjXsj17cxne2AM5rz1fgFANAULRvoUVMb7KBZN,960,1,2,-0.006689102111041845
B8FWg622BtcBwM5psP3vVpwZRy3X4J9Jjz8uAkJuXtj4,949,1,1,-0.0071499585558176815
B9Z2Z2VzTJ6ArUNLdoGEG3YtXjk5EGph2pkVj4r2SGeC,958,1,1,13.118000000000016
BDT2QWpqxxLRPBE4Zimcayuft5LCWAa4QWnDRJFuLhH3,960,1,2,-0.07184579086699783
BE63446uxWYuW5yCqhm9t53mYRvGrGxd34jkmc3bvFDU,952,1,2,-0.10586753488112333
BGzfggSox8bZXC1P9NvFvBT6UgoyyJ3nk2jDcdJn88Xa,957,1,1,-0.05588344560435443
BHk27GWuVp7umu5AGotDGR8LgsQpcXpJDyaA5AT6MBH6,957,1,2,-0.13566631156230358
BKGdrxZGdVZUYSZbDaWWr695fco8RQiEB2r9rjyHGWii,957,1,2,-0.018542414063296153
B3wkcGA1Ftxu8VNjcF5gQsm4Y7CcfCLVipJWwkbBgufH,957,1,1,-0.050432540800571246
CYQfS8GfDin5C6Tdkpe63N4BPgq8Yu32GfjfvyqPbTza,959,1,2,-0.03910138767328597
CZXHrg2RcSLhtVutT7F266KQskCTQZvphNcyrMM9iDgH,957,1,2,-0.061365747456676445
CcMiUjgQ6u9Z8s7EnKp6qBK3m2PEfi7GennEhYaZSjJZ,947,1,1,-0.00012839532269257048
CcfCYJv4ty8zyKL18VWHdihVreE22CRX9mqGJhDnJtpD,952,1,2,-0.03170685038585308
CdhrqfPsh8dECfsJNeZZoMX7cwXsCrTZ9WUJnG5GMJvt,947,1,2,-0.10117929437052808
CeVzgKdHJfjoiQ2YXGemFJA2X2uZJiEEpkPkuyjyzg5L,960,1,2,-0.014953068532493896
CeaSnsQJAeBwWkHqV76nE3DMH28FYv5z6hNa1NbE6dQq,958,1,2,-0.1258723723761035
ChTaZP9rFS6Wgn2AT8jXczQ6kbdJGRw7my6m1DHh5gL1,955,1,2,-0.0011138084834674822
Chvm3FEu33NhXok7PdLSBsXwUA6VuQN3KCAkmHjFZ2bW,959,1,2,-0.06219450903639956
CirBC7fdJmvRFnX6biDRVyTZs1LZBF2iTH1DmZT7VYyE,957,1,2,-0.07716203591473292
CjzJwU93xic2hwckGj6vgSQKGpuEkdZWiDbE9KbpHyRv,952,1,1,0.022703564143207178
BwFyBszY99y6fn8zPH6k4BwCtwN9LL5AfUakAJNpGDVj,957,1,2,-0.04727318963816618
CmWmASPQ3nCVrpJapwwYa7ggzc8zPrZfCJp6FX9z2GJe,958,1,1,0.00033231997259935975
CoWuxPzmnDv5gtQaY5dqhiGPrHdcNNiBxdcKabG4g8cK,948,1,1,-0.013195964003711591
CooV4xDXkQ26KKv1jmwaYiqwoMDSjPksn5opUcyvUCLp,951,1,1,-0.06478146244300653
CouZs3qPU816rjBHmkjJyE9HNo9WWEDrGFLyL2P3Am2V,957,1,1,-0.009310081325510644
CppKyzsceEJF47ppPm6nh43t2yk5XydHDxxepPGRcc7o,953,1,1,-0.32050344363376837
F25fnCFzpCQojpQboEYTFULeqrMkYCSeaQirvcnwdZfg,950,1,2,-0.13089902261226527
Cs5LXkUNSdioMmu6fKyNVMaRB39SANkvVrDKfvEZZv8g,958,1,2,-0.003158813979977637
CvZNmovMNawFHLRpfhzJ2tsfWpoAa9aSEbpLyPB65rrg,958,1,1,-0.046997927891347935
CwP9EBTBgAe391L7aXNzCCpHk2d5hBXo2HrDJkuosZ2v,958,1,2,-0.01826676854481457
CzxzavcfusAPyS5zN4sa5Tz6wCBcg6eXnUjSU8qAhaSC,950,1,1,-0.02960452277361303
D1um8XKsVejF6WrQoX4TPeAd2U9SHhcoD8u2HRthwUSN,958,1,1,-0.003007947386452353
CkF99sLDceEdqC3Me7XEnUhkk8m4Tk8KKei98iSdbcJZ,958,1,1,-0.07331648407516766
BxBjWsJEzkKQvYJXzogMUYurgHqLeAiQhk4EyhWbBDgj,959,1,2,-0.006205380723675047
BzGcmBAK2jTLgXkLTRdJiKZKwJZCV9MxojoaGZv2vpfU,957,1,1,-0.06671639239843152
C1RR5NjJQp8tuCizZthw1UxzAWyh13cqjcdBAceULfQf,947,1,2,0.024377062029441454
C2yZ3vcC57RZdfEs6wWDiWJ9yhNjgozZCXRa5wEW95ei,958,1,2,-0.0032431773313357226
C4fBewJUuuhgvPQ4qWMbR8kXGyc8TG9RHmPnLYhfUM2c,946,1,1,-0.016997397051053964
C5iBM9cnmtsZa8D6HhXRJQY4vJXZ63DokCuc8c76kDCF,957,1,2,-0.09562101175236482
C6Sk6iGmytnRhmn8uEHqa8RmcQrFhZ4fkdHDF72gwNAg,957,1,2,-0.06391425898901071
C82uMncjJmJbLAjLv6mZNLdFYc3JSHF8zHkqaeQ6Sv8Y,952,1,2,0.010108920400420107
C89bD2mDwJcFQv93AbLiyB5f3zKXBVjd6DkXDgg4kkwx,957,1,1,-0.19587168904425134
CC7UeDCbN6nuADjeu2UvbmkTzS7qBgp8ycW625uaqyPi,954,1,2,-0.2744756759963707
CCsdTd6N77NohAiutanVeewCCuX1mBPKx7S7pthRP4aq,957,1,2,-0.27280763141505737
CXS4dHmxS74rH3HwmKx9fo4Kp9nQbQncCC1G8sRYaJzD,960,1,1,-0.017660446763555493
CFYHqy2gnVU5oLvxnmX9D6nUivQjL8XLBcsxs2TmcLiA,951,1,1,-0.423648809820385
CFmua8unVtNQdJpEPCr6YujGeTSDuR14FW7EtVdg5S3P,959,1,1,-0.008759932482602373
CHx3hZ6HrMk1AEgXyQ68ZNTe1senrHGsYLqzsYnWY59h,959,1,2,-0.006882906348991413
CK9TVbDCF9Wfics6qyt8VUEGCJYCCNDGuCCSeDuRpgSU,958,1,1,-0.049035636664003235
CKCZLoUTRSEVjwQZPeM7uXorDubLQsuM6NVeMP4KmpRv,956,1,1,-1.412064182029944
CMPYWDjijrYqJEUVcpBCEbXpCj8j1Asny5yYn9njfVW7,960,1,2,-0.0017539867595702668
CMe8epaQM1wjAJWdT8wVa8u8Y53ZgX2gqAEGYKs9Xeh,958,1,1,-0.03214338433235375
CNYkSQQjsJFnHtzmpWUigQdrWnJeS5QpYN8PyshWwZvf,959,1,1,-0.07665063303684105
CQ3KbeBtRrnPtzFAnyP8AiuYt6ozojyPCBpxt5vdDuuP,958,1,2,-0.06922506817685914
CTdrU2U1tZq1ViqHnz23qVtvc3jAs1v3xoinZ7gJh1qX,958,1,2,-0.1073137828327031
CUum6bVt1eN7887PCZPU69EUxJsLwT2dQxBhAtZjuEeE,946,1,2,-0.0008803296945372741
CWbC5cXXH3dDTU7gwHArZVEUyCPQCrCNJvW6YDLmWpse,958,1,1,-0.016993733820422352
CDQKBNqEgwrdNVvQeCX5BPDNmzxNms2FbveqeSEizKMd,946,1,2,-0.1370657245443807
HLSRaRCfqPEh9meTZvNZrx2KZF5rFZGmdkggW7TAPmm1,955,1,2,-0.024169962272461154
HNdXAZHQqP63GzZNJWqjDMfFV4xohHpMZyUvG5Hq1rGj,958,1,1,-0.13774566762254192
HPBYfYaE7MfPXdoQwDsTcjee1w9S8zRwM5jQ2uU9Ys7p,947,1,1,-0.008230640631979314
HPEXuRGgYT159bfj55s3MXNE7JeizijGnedwsLN5kkZj,956,1,1,-0.4533737640521984
HPLSjbY993fuv7bDScUJP8oH8Fr5njFnVerW5VHrfa8e,960,1,2,-0.010039582381848877
HUCv95d5qVbDd6x1PqZFGJ8ruQmek8gEsMBUwE1T8WAP,953,1,2,-0.7873936258676295
HVvLaj5XyxRSZGA1Wi2ExMpKAfg7wcM2mo9uULvHCiwu,950,1,1,-0.2656128416789105
HYcDsoyCBAabp23sVVg3xmB72sppEdBoggo8dKTknCiJ,950,1,1,10.676206079999666
HZiFp1LESoXg63Q69c8WevVvRNRAFJdmZEhRe2ihjC5f,958,1,2,-0.15779098799955094
HaErmi8gYtjTz1U1VLEEgpFccBLWWKpPWrci6u83ihwy,957,1,1,-0.008468440975537561
HeZE3kzE2SFhEdeEVLVTnp2fJsAZBtRuex4A794BW8g8,954,1,2,-0.03945171321808272
FJ3kKQxJoXyiWgZnD1VpS5usj1Ed1FMC9VW3epNf3f6Q,955,1,1,-0.040746318808413395
HfrXZj21nQ4EcdhQwgjn7tuHtJmBYjVpu9K2CAppJpUJ,955,1,1,0.011868799999875113
Hg9iKkW7rhXKgz6apw9nABTjQVoQAYobAmV43QWRRa2S,959,1,1,-0.012500997758128629
Hhp73fHNQEsJmXHTY8qFNpC4GD8wjioJiaWSXxhjws3d,960,1,1,-0.030436230567025824
HjHdXifEnorRY2hTh4NyXNtyTCHqdAd5o4kbEG78bC23,957,1,1,-0.03639763301575005
HkactS6jaQBjXuppbtTW1H777uLDSYMdXTHnU531Qu6i,959,1,1,-0.030890535595081703
HktUxVzujK4mR14vnJyLBWCF3spcXoMP9ReeTGwbwYEQ,957,1,1,-0.011028867491862937
HmAf2HDdcHxsMfbzv77QZsXqCQb2cpv7S5BN9bCvrbVj,958,1,1,-0.14947885715057563
Hmr4xax2hwNQxfD6z6CYFKkEQRFy7Q8qDTvSWrppLuap,950,1,1,-0.17936547061672137
HnBcEKEFymvof3pWyjwmcoSCM2Jqe46RysEBKhrMRip1,960,1,1,-0.2796315318904341
Ho9htA1uYhMxnCjWvJCj4J4prQL8xv8HGfFgsdZ5oGtv,960,1,1,-0.020512244292127946
Hp93eVthr3H4ZoQS95zw7ygrBnSBvyLUHuXiEWgqgqq1,949,1,1,-0.4560652929636788
HfhGDNXza1KkbskJ9Y3pNcqr8VraAXDZUYNPCY3DKvRR,946,1,1,-0.08044309442848174
GwQgonT5bS2TGtmc3QdRso6kLa2u6wbtp8w8DcVj7oQZ,957,1,2,0.10393878177096028
GxP5nm9V2Kf9hs3A4QuGEQf6dcwKxFPKKTf5eyem6pEk,959,1,2,-0.028618991149206296
GzEZS7EJXLqRTf8v1YyinwDeyVVCfXq1HLW8CNJmXkuC,958,1,2,0.0008178879981794035
GzFVNHQYeks1K7F7R7GmNDxMXZfrS13GZXgbSNVg8vZY,950,1,1,-0.29784121342911973
GzhvPfUdcfwZhA96iG1hnYcsZ9fkKVdhDtGm6SnQ6kSo,960,1,1,-0.028629937352142587
H14ArgNGhCbkUiVDFgr8mXtLauNDvbSc5eHzRXxvdEMB,959,1,2,0.1684056417980173
H1ZRAmaipQPKy2VCzWx33JpH7hsTXdNzcRByTxNkRPuX,951,1,1,-0.0038949507009805595
H1rByQJmfo6yCjwoiFKLmgPD3qZquiJLe7sDMY4zdDNt,959,1,2,-0.06549379225778917
H23QCYXfuoPTAQoQV5hGxW6wqXGaRjFqm8KXQEw8kDLu,960,1,2,-0.0015318069146830204
H2RBnV5wdf62wtR6j8hLTL7ew4g84M64bgmcFJydyfYs,959,1,2,-0.01635212311212275
H6NUsHxV2s5JPHym5EUmeGBuoiWpKwvDEnrpSUMNxNQ4,958,1,1,-0.04321464689188925
HKnDNChfGL3nrGjM9rnHrDAfj1PNcQsrRQTtepjhnDgJ,956,1,1,-0.013095011271511137
H8ajshHyE41RMW2gjj3cJsH7U9j434CSzvjbpt99voNX,956,1,1,-0.013168104341036435
HAafPD77NtFYSGXDexa51vETGPBr18RC9HZN1MUdQWrN,959,1,2,-0.06193554502005316
HBf6SozKL3C2ckterXvmUnevJdvheXKyshSaw9g4obQE,958,1,1,0.0017327363486763225
HBtnkFAPvv6ZbRUtEa7kdK7gCswtsZMkXsHozvPFuuLS,957,1,1,-0.029997130433973007
HFNLYJKdcSAnPm62SLB6D9LeqQBc4CjZcb4VRyLVAgmu,959,1,1,-0.07148550293576195
HFeUZyiTEQ8a61322UvNmtvAzZqfHj23YXkZryWiJUJ2,959,1,2,-0.0032517427783629316
HGANzrZ8LP979DtsvYpM6pXfohDidMPY7JyrhPqc3TgL,958,1,1,-0.006956656045696563
HGcsxy6J3i8TTtWNjQYuWGYp3FBdJA6GpEv7ygSMsfYj,957,1,1,-0.21222109451852766
HH9tKTRwhqWWQQp49Qj8mTkFkYoYXcoyxhQgAu8oe1am,959,1,2,0.026887095938272765
HHZmt1qB3EcrMPJBXuV7fT597QrPNP7hvaYXZdPG7NWo,957,1,2,-0.1097522846789456
HJzQyFVEWzStyYEsnH1Eh2trQfcTeK3mDD8fy81SuE6D,958,1,2,1.3889982890418384
H7JgSLw5A2yvJbYRTwdMPPviXMHEeXQkz1aXDYJ9HguB,947,1,1,-0.029278454654050323
QPMXTBmx6Ht4PvdD3suaodrQCk95zCTBxzCEUWszBUA,957,1,1,10.903675039999676
QytZ7isQ5T16y3qRASf3eFTcRbw7tYsFwkMfcPePykw,957,1,1,-0.06414851935319987
RWaN2YGbJMj9xnhKJwXHyfxGyuP57CEXhbTZroLFRP8,955,1,2,-0.024647210139183695
RgCNFMhXiHGiMHCK1KHPbo98xQjqm4u8p6Ph4CriNyx,957,1,1,-0.1250204791976639
RhFWprsKBV7ZVWcUNRAUVpSFFt2t1R8xMmQmXC3srGy,950,1,1,-0.17682792504321476
T1xB39vwmZNPgCkpwpAverWksyfeWkLFoB7hodv9RiT,958,1,2,-0.004427086066949304
TqwfbhH33eGPi8RWPhcUgQBSYx7Ez9EofT2P2F7ARXh,959,1,1,-0.0009119861199671439
V4EUmNa6N35FHncJNEeeGVmDdpoLqMw9uvoQmVFVDHw,946,1,1,-0.03268021511830144
VV55Gbvd4nizeP3b4TJoqpDTJ1HYMQvDorvv1A11zmr,950,1,2,-0.0517697797976413
VzUEXuG8xCpkUedEiBJLSsxR2dxceEv6Pumr7iAzFJx,953,1,2,-0.01726137182063492
WkNDVWTjaEcjdSEWSFBfR4LFMheFC1tQZYeMBXqMbgd,958,1,2,-0.002563178001073474
HpankkFPadDtNYYKCkpMsJsJLm3USX1EUcn4ZjhUnYLk,960,1,2,0.08278409781408147
YkdsD5VZMfBtVZqVK9nULe2tsLTDUK3ojNZ7k53BLsT,951,1,1,-0.1320999858892158
ZmMGw2q3CDDBEwe9v6ZRFSN8YJKiuakdbajLcmMzxwB,957,1,1,-0.008184968482649602
a5EGUFXehGshKKn6drs8a9dr7wemtLPcHbqoWco4chw,947,1,2,-0.17849400973540597
coLcHKyDwqUTpkwsbykTeXtpD1NsnnwL7C81SewbQ9Y,956,1,1,-0.10374509535553411
cpHSXrTHxR37puSjZEMi1GG2Skkk35qzgZJ5XNCuscD,960,1,1,0.03291193080911192
eiEHc2xqNAdkjwcLAnAxNhtCpcWD6dFPdwbdbk9gDUe,946,1,1,-0.041868778749214464
hdUGzp6N2VzoYJPghKT3hXFrMjrEHu7QaU4eCDD34uK,959,1,2,-0.08373485343842635
icv27qF6eyV9E8AXdP7yH5EAbBn3K1LfzSKybViC6qY,957,1,1,-0.15681317952360274
uzUCDhYDiGv4yJdUKpJUdgefVh7JYUrhRYPA345Bvcv,957,1,2,-0.6660700035014244
xiiBZQx4EAEyQYAiDSCGwi4kys8Aqzw68JSbG1f1ZJC,959,1,2,0.0011131414624993702
zu4N3VwTLQsnUCmJtvpyb37ZXGYiHGftYEHea9riBLi,957,1,1,-0.027876892585241286
Xd1juwocs5oUU439tPaMAjK6sZw4THMXqgbw5YvmAdE,958,1,1,-0.02269252351020823
HrxVsBmcfL1qRA4u91Jjhs6E8NsGRspQgbzCZEU3FWzi,953,1,2,-0.339608529027835
Hs4K3P6sdHoDSJ3FSMnRkXHTj7jHi8msob8UQsQRCYKa,957,1,2,-0.050902126032688066
HswqeThc4oWMGexbivtYwrxuZDujx9mYgwp6N326UTqS,958,1,1,-0.02942213029074381
HvTQb4LJVoQUgUunkRSPt1oF5WhN3dhP7PatQ8szVvkF,946,1,1,-0.013253668097555904
HzyRCneLnuPtHAibQUENfxbXeynELsrrut76xNTwBb5q,957,1,1,-0.16309896861538942
J1HymhMxpeQkahRaM8ZLSxQR1oCvU8CEpwvSofvBAQu7,957,1,2,-0.09831519788638055
J1RZ5edAxmQFb87TMDFphtaMuZWncd8MQ4oNtb3theKk,957,1,1,-0.0019968858232969483
J28PxycdsnfWxwWot8kbpkM3cJdFu3J7m49ekr1QHw7G,959,1,1,-0.011089178448959736
J28pmFNSsCNcCprhT1u5fMh7UGvsbKQULd59mJ5xrHnT,960,1,1,-0.09540428534751122
J2PspZz2xQiWWiMf8W6uTFwPCXzhFNe8B8C9NAt4yYYg,960,1,2,-0.14690182829393716
J2hQHUi1thkvx3AcZDzA2h86vJc2g2DQmdD4XzixXZX2,947,1,1,-0.12631438839396214
Nq2CuhLhuyoyd2EEc3kDEptajBDFLHbaLAMgfYkCNCF,951,1,2,-0.030234128774979663
J5G3X1Z8YD2BGv9mP7wUgPmebdXGTMgcn9sxQci2bD2U,960,1,1,-0.014880288468997471
J5bK24pdETbanhaBaE6qoDw47PJ14REzUKtSXrX43yu7,948,1,2,-0.11466211858021769
J62ke9rmJNrPqAJxpF3nhi74KLsw3YG9fHWrSfdpP8iR,957,1,2,-0.09016239357496847
J8XS9h8TH4mzVN91HpXMmL9j8A9uDfLHi3LDLRLGELQy,960,1,1,-0.05440031946005952
JAPAVgpfEEAm6Nir7JJyCdPLLM4chYgqzi2NBsYtbtb3,955,1,1,10.13110312000002
JAwtKrfVaacUKszZCAJ6Eas3i1787Y47VU5VJRjWjFhG,960,1,1,-0.01676674360617747
JAxyLKTess7j5SgetQzMr5mh3TD63UagkQhPfqbzp65t,960,1,2,0.11167953228150118
JBUipogW8r56TsqVSEpzTNcSX1HWXwu5QwZytWSxo5e3,949,1,1,-0.016470723828377887
JCNiXJNFqCNwoR9nBxaCMSN9VnG2tpPaZFPV16Z7x5tb,960,1,1,12.945107760000276
JE3K3uRPKdrMho4mhMMMEBS1zQ2pe71mvzajuHRVCrax,947,1,2,-0.009719229101413374
LAZ8xGLqfkuVudEokQsqmiTZ5Yk41zFNnxWtG1fnVj5,957,1,1,-0.1495083016848664
J58FKKzbJ64p6fEGb1Q7TPW5qrKinGxkuSEA5rbrBqop,957,1,2,-0.010011655261626395
FUhq25jmB6VidnZKn5jgcqQwcJtjq5Gf5KxHRcEYe6Ba,958,1,2,-0.005213520174314479
FXY4rxWbaWA3woRLdDvPYXUxhnPrqxwAABuDYb41kHoE,957,1,2,-0.058157841998141
Fc3LEyfKcg8AdSX9A3jgS9iUKnLKcKb38hsTytzuX77H,949,1,2,-0.19141834579066597
FcZgUWhLXfWn4jGxFF8Q4kJL5guXRkKVjxYQbZ4PnTfU,953,1,1,-0.020489233528701023
FcZgUWhLXfWn4jGxFF8Q4kJL5guXRkKVjxYQbZ4PnTfU,957,1,2,-0.09669009258154393
Fejc5oa7MCZPAbVb75CHMU7PJVTkXYvnN2fHitSQNKN4,957,1,1,-0.05192087174230586
FfPg3W28deUGRFLmt8KCKgPXgwgerCVEokQU22C4gk8m,957,1,2,-0.01064891345693375
FgbWCBd9r3wxLnasufiGBXJu59fAUL7VSH3sSgVw4RL9,954,1,2,-0.22501579504210945
FgjqW7e5XgohWYpQJZiBJM85QzzHJehaUpC4BG7YKeu5,957,1,1,-0.0008824904226836447
Fh58j6JcXQKaAxY1NsoMiFuQUfCdt5GYGBLib6xAG8m7,957,1,1,11.608046320000014
FhkxSvBRMfnwG7bJ21syUWMq7HmmjfyHjgRtdvE7UmC9,957,1,1,-0.029403775570362445
GvNQ5p6We5yYtDsvd6ibgvnxgUUgp7juYNw3H9mbNq5S,958,1,1,-0.10906289698485061
Fm3rygJvw9fTTjyoneLpnQW3NmJ7vDebJsm9EU1qZ4pj,957,1,1,-0.0557390427455795
Fmby5pTdwdYLabsFESGGcjtHv2jZbXo6Ye22mF6YuJgB,957,1,2,-0.032987771700490054
Fn4eWfxdw2Y4cba6Gxpd6nx6uUoxfu4EiWyGi9qfApu1,947,1,2,-0.013658634902027345
FnPJxFgZK19dfsQEumiSSTX5uvTE9RtYk6oDASng8Mx8,958,1,2,-0.038712423459055234
FnbM1EsvL6C8b3eqnvEtjaehq5W7YnR1Lc67fAPb4fHD,959,1,1,-0.06801447655905735
FovFPajWEnLR3N8X8Fp1FMxwDE4UnboikVc6GXajCVbe,958,1,1,-0.03962866908400864
FqFe6ci9Cts7N2Qvxb51tXWfcNU29g8gpcij8cJzj15e,959,1,1,13.133867039999991
FtvzNqt566h2HRQDG8cttiKXbkB4zbiuf69zbmvaSPNR,958,1,2,-0.16692506171087196
FvGJu5NrvdUGaBhPmxzoCaj7mhDdXfzwsiSKL6Qtz4zT,957,1,1,-0.05437065701363597
FxopC3NzZkRAEps1XEA2VJRQNjTa6V6QkZK3dEJrDrPp,958,1,2,-0.18524009313738432
G2HfF1VNirqcM1bg9rbzc2wxL1FN1CiHozEXdaF873NA,947,1,2,-0.013997860371602888
FkmtyA146bn3C9XcfwWcmP6SZpbdqzkUmST37tHEpqES,955,1,1,-0.009202293179541576
F5hPAjY8ACBdeYv2eaoupGQzA2TQwaDRfyts88zk4mii,959,1,1,-0.0013276073940012012
FCXy7f4KXHvrN5NuobaYf38YaxbnmgHsG1tP6TmfV9QP,958,1,2,-0.028217934783344445
FEDZbZbAPySEYu4MaHzfYYiZF7YBzspGZkcT8pntpzPJ,960,1,2,-0.022482824494435283
FFKtc1b3o4zVS2FFnekJrfjYHLTAcYBhxNkHDuphoZUg,960,1,1,0.0754322400000007
FHbM5d324K4kgvmT2Tumw9DtKM13vELDGhdrRMPyuKtq,959,1,1,-0.26994081278610693
FHpeGRPn4FinuWKw7suBc2erhvb9eJiRfB2BATfoTCB7,946,1,1,-0.069997485194635
AknTLjJpahaFa9VoZPcmvZ4APM828VqVYbmfsAhyjYJq,957,1,2,-0.007502597300373948
FJ5NmzdPysQZ4f91awCxsebyvDy9YmBW22Ssh7DUuEkQ,958,1,2,-0.009904098317088383
FJsbUWNTDQiyYgNg8QgNiz9SNGJqWSyYohSqGmqoMnbq,958,1,2,-0.04315053571053662
FL3ehGdb4uzzgsyEm9KmEMtgv4VaeLFPojfjubxupnsx,957,1,1,-0.054554053490978305
FNypqYALL1KwbTmM1sWFCpYKKJCaHpethhfAKxR8U8NZ,951,1,1,0.013818081713605768
FUEth1GeZ1kziAVBt16mjRzzVYUjZbhNwvZXwDAVchXA,958,1,1,-0.05428441711030629
FQ5Lzz5qkfgt4cFEB5EZd6uyNF9a2NBP75MKVuz6YkhQ,948,1,1,-0.002278494261360453
FQgAW7iH6ougvusN8raD2X9diUM1VoJC6BC3rC2QYjcp,958,1,1,-0.07325977100143932
FQyD7Joe75Ta6CKtVwvQR38gSrotGPUxWQbESbJM8qmE,957,1,1,-0.11629497651726606
FRvPQ3BVE66r8Cxg13bdoRyufsFGtKE3H2SzC39XPNVV,958,1,2,-0.005122223170004603
FRxmKL5FQnEHoURuTbt6YjJx8sEoMNxTD8h9nazVQ9NZ,958,1,2,-0.0414064380332535
FSkvYwwEtmeQa4M4NW49siqQ1fQ1af5Wma1JuvH32hR6,946,1,2,-0.08159557363677461
FT3gXM7CjL1rYfoRoBmjgPGb2bqtYv2AwsTHXE7L8evV,948,1,1,19.755802399999993
FT3gXM7CjL1rYfoRoBmjgPGb2bqtYv2AwsTHXE7L8evV,953,1,1,18.491950720000006
FT3gXM7CjL1rYfoRoBmjgPGb2bqtYv2AwsTHXE7L8evV,956,1,1,17.558194160000298
FT3gXM7CjL1rYfoRoBmjgPGb2bqtYv2AwsTHXE7L8evV,957,1,1,17.688935679999993
FTmfwZBQe4eP49r9LXmuyEBcinXhAsn61bcUWenkmXGR,947,1,1,-0.09079604196180924
FPfZyXXCrR7g2311BNuD26pUt4zwqWC31xopRTSNcYuA,958,1,1,-0.1520838596245655
GPR3TLuPy2NMyEDwibt7hn4hNNbAgRrsyV3pYGFGqwGg,958,1,2,-0.020978004052325527
GQYEEKkpnS2bzqAw3g3KZwbdrB7fqU5QJRG6YFhWbNZ7,958,1,2,-0.008620392705653568
GR7FKCriUCANAGM4bKi7SdnWtrZt7rpQ1zUE3xNQhBRj,957,1,1,-0.04878740345472199
GTjPuaaGphbKm3NjKUBPMU2vrNb12KrL7UEZzDtxemDc,958,1,2,-0.00012266135608431095
GVqBPCS53M7KQZLyDHdit6MNGFzmLHiZiNGWyW4ty7HZ,959,1,2,-0.008849906179989042
GVzrP5HyQMMKZd3q9inQw2MYUyu4voCbhSNztKpFZMBA,946,1,2,-0.015014004853109442
GWBQn4vv2jbwccyZKQw3a56rynrVyFy3AoUXpgLHd1ue,957,1,1,-0.109122191749913
GbkfErbRZgqr5GWpVwMCkNGCUCYiQNr8RJ8E4Q3wPYjZ,947,1,2,-0.06259068394674161
GckvfLMAJKPZpfbuZm6WGDTHESCLgXYy3coERiYfHrqa,960,1,1,-0.052329698806716785
GdKC18F2urJpRap2n1JeFNfvvnqCYFbLGLjPiUtnsPW4,957,1,1,-0.10796172961047734
GetfcXRC6A4X6r4EcPQwdZK2snnjDSBnzZWgxePKpcJf,959,1,1,-0.005951613831909897
G4Zy2VgE7KHpX1WdiZptuNNbgUdxEe5tMp4T3MaKm8pZ,949,1,1,-0.28330191936499105
GfemADCAJ5PBoxRXKeTjd9yV2D3wUArjA93ZdzWmMofY,960,1,2,-0.0021740138218537264
GfpPZDo3pLQB79SUMvHpXrMzgsub4D2EU7fTw4dtWvMP,951,1,2,-0.007466774705101598
GhzNZHiSaKChUaZkGmVDnytRrHGDv745x7XPh7fWBHBz,958,1,1,-0.03579434843170359
GkHHfvW7Yc18TE8Tja5JcZWDGnFWHCxWd4HoRmGEwyp2,959,1,2,-0.043823968710157146
GmyxhPLYMUYDpBk8wqtGWCWCXhzWGnPZskkEybWpPpNw,958,1,2,-0.0589443760963837
Gn1YLH55CqZy7eWzkX8iWXcKNvx9nCYWggHyHQWDgu4d,959,1,2,-0.07464505915203423
GoUybC1HEppvcP8UWD7t5jipDrxrRMqa81MbL9a2LCdG,959,1,2,-0.055564631944566845
GpzJ62h31eR3717UUH7amGH5R8ZCCwyqozix3oEmcxsS,960,1,2,-7.741858991938688e-06
Gst5UKi9XY5kbwmBJsEK1KNDhxGvEtpVU9F3pxxzaWdu,955,1,1,-0.14607985680838986
Gt3ucWEnTC2r9nKWJoikVxuEbBiA895tFKkC8crYXR11,957,1,1,-0.2348726518125055
Gt4vbyAwGDYQon3KPm9twnydhco1eDhL9jNHxHvcCdRu,960,1,1,-0.16515682530521936
GfNc9AeRXxVxUymWBVMTA4kBVbB9MWTvjLHg4RUWNdqP,958,1,2,-0.0035425835825919627
G6R3A48uUYcPPvNciajiyRAKa2f9sRFgAxWJSLtjWJKo,958,1,2,-0.01458773843806549
G7oKYz8becfB1R8TZa5PrDECEXkfJdFPXEoKHwYoKBCA,957,1,2,-0.04182510121827354
GA5cAUvjmmhknqPcAJQfyDCcE3GUeHrHHtaDv8RXV2Fj,947,1,2,-0.001358881101871448
GA6YFknfdxGXXZ3TdAfek28NaEqv5Zqyx7E6kf4PRJ1s,953,1,2,-0.00025954209945583395
GB41cU5P2VxBNa2P8KCKtFn8pVt527bC88K1dRCAABkm,953,1,1,-4.846135696349313e-05
GB7Zuk2Kytt9uxyPGnSRgJgi2FWrjfP7Ckt8CDb2i55E,950,1,1,-0.0007867978211481552
GBookimFKc64XwvzcyiCS1nUgJLjKttLQEaa9C2XEP3p,957,1,1,-0.05424688893903351
GDQuLhygTzTHYZVT25ea37bDQnhkCFKhinvXP9eeNTHR,956,1,1,14.553600719999942
GDahUsBMtV9rwAjc9UnW7h13ewR3DXACXzNy5Y1KDon7,949,1,2,-0.008363600560879758
GDq65UruSPcZcUx5sEGHyCGB3HwCw9CpZKrCPsxN16Ym,960,1,2,-0.011865166290305762
GE5PfvzasePMsyhgfdq4Gi5n8awtrC8pHkX2gArDQofu,958,1,1,0.008759621675231699
GN2PBbxy2SftYLKaGMPFiUru3VJY8AJZXF2yT4gi4iRq,950,1,2,-0.24171206522158428
GEw4s7agNp71vBgJjN9Dnvw4xmCtdbx5XJJwnRvqurLE,949,1,1,-0.059137971240899034
GFEDW7WtzfSKV3djsJSpBt4AEukesYfPFo9XN9uUNFEa,959,1,2,-0.024762740961346008
GG1DiQsacRBFrDZ94o88J3WWkw4hUwQpqkpvsdwW8snt,960,1,1,-0.017680011554325192
GGTVNbdeDz78v4kxCsBF6ZBptgw2VPms6eAUWrRK4u31,959,1,1,-0.14107182217546033
GHgbSXdH6gpesEexxnoxEZr39CvDrZLtA4B7NFRLHYk1,950,1,1,-0.048832286097726385
GKKzdxFWrvZiEA3GFWp7jmMy2Ys6t2dseQ6byo9KxQHA,956,1,1,-0.4310192445586658
GKdHx6HroJ2M3t1a97982zxgLDgq3gs9ygusfQQBcS77,955,1,2,-0.026093962009197114
GKpwZmn6fMdY6aqeZqSZ1n1WXRjpiSbqGe22aGtU5qLq,957,1,2,-0.07733240439514066
GKzyTauiFf7x7YSjxVSRrnZMYmef9CX72T8Ej2opP2Uf,957,1,1,-0.19303180351021965
GLefwKd8gjnRMB138a3HfXfcAARPKoqQENuJc26h92fM,953,1,2,-0.015507543404367219
GLjkmjW4ZAXCNJKL2315avV9cdxP8wUC6Wrpv7HFFRtJ,959,1,2,-0.0009450428233524072
GEkFTFmhogsGrCiTR6HUKLXMcFRq1KmjJbVx7FfawHAj,956,1,1,-0.061955676014091576
4scozKGC68vEff1hj7Zu5Xibg8RDBvCGjZsMHqu1Chem,949,1,2,-0.0011659038708888847
4sqNuy6xdW4KZmDuSrHDnF1YA848nS5yyMfTHLVDgreG,958,1,1,-0.010520985605751987
4tt5VvAEeByMmgVNwaXga9hpTDgguQMAwS9aYiPPCjWb,949,1,1,-0.0005605413996367936
4uUmZwdFGG8pczhXWaSWybxHcZPG2N99EKiMaFxAC4eD,946,1,1,-0.2967325371393592
4yjA5bqEG56g9UUH7i23vivxauDzhbuH6z8rd9BNp6Vm,958,1,2,-0.02440769713077051
4yuiKm7cKViNAWDRLZnfKqfy38cinUQz7wxJxjaCDPpT,957,1,1,-0.592091478764516
4zHmWVrLzcYfQkHceLVgVzBftRyij3oEbtGEBWoF8Mo,959,1,2,-0.0025656175156749117
4zmF784RyhBwbtbiVQqsa3BqRkhTEXNUG3NbrXVAxUot,958,1,2,-0.02285955931006667
54fdVK7y3cs9UiuqhD6QWKE1iTc1Q6ETYkgYyCohb6VA,958,1,2,-0.048193361252952815
55gUhwQohs536extLgJytC6Q8GtveBwSo2vcjJ99yuDY,959,1,1,-0.006985220443095352
57XGqmJu7Dd5cuRJ1M7sYPuW4NjxW6fopFLY64z7zT9Z,959,1,2,-0.01584086446146049
Aem8ye17zam3p2PtM89n5bEQSHWAWqSqi2q54Ntmagkm,957,1,1,-0.05426721078968688
59V25G7RkZx5HWKMnLdEK6JfBNRdaBc5AYTE3es4f8W3,960,1,2,-0.08922823744324848
5AQNMAeHdddQqHxSbgHVBRCADKKpTeJAY4vc8n6xyKBE,958,1,1,-7.629219343012819e-05
5DwRCz5X2R9s1Ri4VMg9yjNcuyxA9a786uszGMTJv8mq,956,1,1,63.45107495999997
5Ge4FHGCvjMJcivuwNjzcsxTJzMdhnLjm6kWRqBPpLzV,958,1,1,-0.00676739639485141
5HUY1NC9ZoLyYtoqcGj42JvDRWNcCePKmwRn7fUvmd8H,951,1,1,-0.7253256601776314
5K8Qj963tXaVaPbseSwbiu6f1x8tKVWBNqudWpkJ9kUj,958,1,1,-0.04813124049451334
5L49BSxYV1v43gwXe7YYW2PmnqvwjwNMwUumDSVvEuyg,946,1,1,-0.017315946355047074
5MCwbRn32sT8MBJ9o7yabNnqiZo4w7B2f9bxG2afN7An,958,1,1,0.014932776948102244
5SoqDLwetNxeR1CFx5suRgeXtLenfw1sW2FMbk3QxLLu,960,1,1,-0.004258771886613971
5YeCWFatBoSjHR6F7UMAyQVX9Sjku9Jz9xXEmhqi2Kkc,957,1,2,-0.11133252193650911
5ZE2YUmxxNeu1n5TDh3Su1CoXoREZ4LawkTBYukhYEY6,958,1,1,-0.01002995133624951
57jsq8JRXQJG5ac42PKokCUfC3GV8ZTsuieSgNFCGrr3,958,1,1,-0.02038859945242999
4L7o5X4dgzutmiatp2bNZyfghNsrQJ9FCDi8Hc6UpAV8,946,1,1,-0.03142922591558572
4Ndfv12ah1NCq4xLtknnU1zeXW2m3ck15jQYbKB9mw3w,958,1,2,-0.0009993499225985358
4RJmAWhxd4Js5V9gQhn4KhoS4A9gGz2PERCWQDfgW5PF,949,1,2,-0.08253319959603544
4S3VtyWf6sXRgAGR7ZoDcKi2xEAaiCVKes1qokoHLKT9,960,1,2,0.001777881840593909
4SUh4pzymRwJhY4RvmkVmrHbtM22CzpaUBMmLJoEtJDp,949,1,1,-0.13864938622891287
4TZRcbzD8CTzsSaR778si4HQmsTCGEFvSdadfZPdze3V,952,1,1,-1.1547917751120096
4TgotbGPc5TikyaDEB8EU8HbeHjPegNTHCR5okWJRd2k,958,1,2,-0.08287757481340474
4VBSMK9yPdNF445NGLnMUyrCt8rJ1QxgSkR16usw8K47,957,1,2,-0.005010290664309025
4VE7LX9GayhdEz7rCG9uDsZiY4fcPR4uw8ZGo5SKjdhw,958,1,2,-0.0019424006432577912
4VV2B84D7Xg5zG1sFxGcPsziNTZjpz4LuEpbLU2ow5pD,959,1,2,-0.0017069621762461074
4WAL9KyqeYqW6m3L2v6eBuoTL3FVav6rCVsb34eGP6XW,949,1,1,-0.025191323264490695
4sbbpwgSNRMpGQFvJH1Tn4ujbGmPxHdhVJiQA4oxHyfz,957,1,1,0.03476100461682563
4YhisR4JGuhMMreNpbcRq4NWHDoMG6uhh8jLSBUMFVbH,957,1,2,-0.16318310372581912
4bvb7nNcRrAGQNfWwi59ywDLWkxnBycCBDfVUayLx7kp,958,1,2,-0.013436530978331862
4ejdqxUkaFgkbi5ucYR1S9xRTGGm7H7W4DauQf4dtypM,949,1,2,-0.04561027939264717
4gMEiR2K8uJQwPpcXy3fDbPhQkmWec2vofTLkv8RjxuL,955,1,1,-0.35083911521450517
4gfXCVBH2Wji4V9MfTvLqMQSZmSs93sCfryEedvYC6n8,957,1,1,-0.1282335525887346
4ibABLE6xHLDtUaEMSJxxTdeuULP7u7peRgTUSJHgMx8,946,1,1,-0.04241794549963984
4mFFGnDqJSNmTn9Jo42MX2Y9ZJz1zmZ5FhkvTJ12nFLw,958,1,2,-0.04416790476520216
4mZp1WtMLiK9wxtMUrveenbXBD2WiotawhxqYL7fjcCk,959,1,2,-0.049426924837081554
4nYM5ytRFixbtwEZk9mYj1YeQXQT59RAJz9tXgi9T9LN,959,1,2,-0.18765234454416913
4pqGqgWVaTC1X8CQC9nkcMrrZfPR8QjFDXo6EteShsYy,957,1,1,-0.21706236500421028
4qfpCjRX7x3xEMTqPaFhGQDqE8fDdL16JA6AXCsfeVeN,957,1,2,-0.2960638400937121
4Wu2qdJRRV32G2kUt8tpqnCWR8xUkgVAnhZnx1uyQrXU,949,1,1,-0.13262269969380291
6BcuxUvbCcFRJaYgB7iF2ts3VjedzE39Ksgp5jSsTv42,960,1,2,5.260911439208815e-05
6CrAemjiSiNMfcz3G1YkakUT7wW9eh8cATX96vhGLxRF,959,1,1,-0.065189993760284
6EgpXosuJnMojEJkubERUwxU58xyfiCdEz545rPUzTc1,960,1,2,-0.07538671936797803
6FytNqr2NKKRMWQxy2ek8G84bcspcQqkgn4BmCtDdPWs,958,1,1,-0.17504392507202038
6JhfV9gxbsuiQc83UTtaEdfV8Zai1Ezmk2vS7kwoaead,958,1,1,0.4569530531194843
6Nqd4xiV7fMCnHQjUw3NJB59yYBhiDaQQtNi2huCUsm5,959,1,1,-0.15096268082310793
6RBCdpGLNCksW9275bH2vJJ32eA1AUipqt3HFfUKkJz2,958,1,1,-0.11888411017863199
6S4XBzhobNUjeVi7sbM6HjUh8t3nfSctiZaCQiZJZsru,953,1,1,13.290889200000002
6SuwG7vYyd1Rg9HH3gFd88QW4sDXoe4g3NCNbERwrBgS,948,1,2,-0.0828381017014923
6VMRMvq31i8cDJuD3jJTqLNq39hgWc8EZBwrRzXBshhJ,960,1,1,-0.001017820506916678
6VzeoVKr4VY1yyKFgi14Db4bBBujxNyfbYQvGH8CBfhX,958,1,2,-0.06682453834155
5anbKMXvWfWsL3RfA1WvwGscmFxCt3orQXZdcjqqCiSR,946,1,2,-0.39565014497675577
6ZF3DhmwxPYwHAU24oMTkhswsET1MJkrGbEYT2k6WYYG,953,1,2,-0.042768866576561315
6aYn7on23DS7rutDyP1kvWxygTGjfcNx7WSGeBhEvSM4,958,1,2,-0.009505617432611635
6dxHMeTt3CyhULdV1Gx6KVgbYDNjsmUCy81oASVYoBfR,960,1,2,-0.007285328317252482
6eD7vMqoHWsyghGrChEmBaRfG3FwzhyPxw4oR3Qh69De,957,1,1,-0.2029010249645058
6fcUn4ixYRL6yFn2gq3tyhdS7vhS9B1Pkkp9LUVNyty1,947,1,2,-0.14688153294568185
6gaLCrwKHV28k3qfdR5CP36NrfD9kzZxX9js9fKUsui4,949,1,1,-0.1061989724164425
6jHoEL7tPfJRDc2iDy4rM6U55puLigNbVbrxdLf4RHBE,957,1,2,-0.24801543971778806
6mYScgiVQajWBgvjwXkuwfE3wTQQECRTdeNhCj1u5RyQ,947,1,2,-6.104371781057161e-05
6of82BEwbF4eiy1NMKCboXyGDFVc5M3A6y81MjejfZ8e,959,1,2,-0.012708698381069805
6p28NanUhWHTp1MHsa6ggtQCurNnJki6wVXo9cTnj3ys,956,1,2,-0.019929287885793734
6pmJf6qwA9pXjg7uM9wYAvgddvNy9quYZXcLL2zqkcuV,957,1,2,-0.008691591392646913
6Wn3WnmwCYqGX2hf7PUbQEBRQM3Hygwdbf2XUSUetqaf,947,1,1,-0.5217379574347447
5bRjNGNXrYtMr2aMfNGcLc1LnNBz4MTyM6ZaeRkyp3bJ,957,1,1,-0.34412883170868547
5c1sqfs3faxQ5b3LRLsJsKb5PADkPvDmcmrp1751B44j,959,1,2,0.10894080075604551
5cPdQTG1qfEHDMYKnQ9qpkjqbndUCCkVyWbXyEQmRFCq,957,1,2,-0.10757680897225619
5hpDWGANZmSrs7E8qJpGwv38qfu1Zqyo39bBwJH4kzsZ,947,1,2,-0.0501918359308684
5iuBwqmkzfmir1kJx9xwSe8wBmnpXnHQ92XSaUz5ruvK,959,1,2,-0.02539426316054194
5jJtF7rge8onPSeCGhKqcPF7WEsAaUWAJW3aq5mQPsn1,960,1,2,-0.06443832017472673
5mtwWd77n3xEBt8urRRhkaiBX1kLh9SKVvh7gQ7iub7B,958,1,2,-0.03672143395609506
5oZeJWMez84nEtQfamKhcFPFX4V9PYPs2WZGpT5SCaBn,959,1,2,-0.0672675273521417
5ptqpBnSdYQ3GSTSQ2fqMahcjyXamFwMiZM6bKW9gV3,957,1,1,-0.012468214953472723
5qMQJ1WLWDkhJ1AjLWBmMqYBLSsuMmBC5hT9ZQLrEcEt,960,1,2,-0.06658657182109451
5qn3qdHnCJpKwN2Ajxr6iMiDu8Ct1rn5Wqs1tuzTUZza,957,1,1,-0.09239881877020295
69L1VBG8EMAHYvSG8nQam8Pnms8CD4z2a7ze3DE6cBGJ,957,1,2,-0.03775770580258575
5wmkhmqywni9MYnxQuHR8SyZwi7sYm3kqaoUmiqgJHFe,946,1,2,-0.008707304337591537
5xS8m1DcdaoqLgfbegKrFEuVbhz1NsQHAsoYtRHrexLe,960,1,1,-0.1322112103901052
5zB3fqEY23arEiD5B7n3bKP4ZoKR1uidGjGnU5g4KCVN,958,1,1,-0.1189722840242835
5zTXvtL9RzxnmzHfqpo9pFrdkfo3saiJmeVCRZDHQXBK,950,1,2,-0.08811814244164662
5zZm23BzH1fLyLu7UZxRDwgZ1kRmUuHnMHwUu9BLkLJp,958,1,2,-0.01915386783987394
621NCzExtJisxj4E1TUymhyNnqq5ZDj8d1f12d9MG19Q,956,1,1,10.47587231999966
63wsNS3KqQWCFtQTDvF6txmYXx7uYK6JFNH9kbBjTtzC,950,1,2,0.01144648170044782
65aPWFXohHZ35rNfCVaKAjP66sxeTMzWfMTDjyqooVsf,947,1,2,-0.03044269331400229
66j93yskXLa6mEA2jv6mkFotWWuSGmm6DVmdCz5V7pu9,959,1,1,-0.06068475427120301
67xA89M29EpDGRmnvyJUS6p9c1MyfdpiaqhJnExqRwC9,957,1,2,-0.04047126396177214
692XbBUm4nfvne5aDMspte5zbjpP1KkVs5rEJxbzHHfF,946,1,2,-0.6096886853967476
5qnWntigP8u8Xfq8PGEDs3oxsk1AmBbaeRR2gZnH1ayZ,958,1,2,-0.032855161128942934
2cM9BdsxC182oU6drTdtujDXPH819aR2WKuE4zByH4AH,951,1,2,-0.18388518880434468
2eNT2khtRp2VizsMxqaPk97m8mSMM1KUZL1uzf7frpAu,957,1,1,-1.284370593728017
2f5AS9y84ZiNByAKiVUWAWcrCsuMh66YtrvzpVPmoUrV,957,1,1,-0.15437830774322148
2fk9ZgyBaTeobvCbBQvDkUWxQ64cR9Y3tJYzCTKSL28T,959,1,1,14.069998160000274
2gfuSqiB9izA5NVHB8kTF5gY1cneebdT6FGNb4PTTCx4,957,1,1,10.404222800000014
2hFQvVVe3LhFxhgonzbMxWtxYWkgns5C2b87sxAgvLxi,959,1,2,-0.03706309344137404
2jC2uxJ5NSkbiFhsZZjGfGcSKLPrr6vXbAVEzR19BQnr,958,1,1,-0.03505089193193811
2kKWwoHpM6abUiVdTSa2r9s1wbcj4QaeXTyrDDvZMjgy,958,1,1,-0.0001294521423791939
2kzizhAKukWL3kF9H38P2HnMjhwWNcExm7shoC5RqELz,959,1,1,-0.023353522352940193
2mkt6X6eFPCouMas8JXK8TtDhaiujzmfE2CAkzQSbsEL,955,1,1,-0.007301496281764408
2nnHGTnayif1biEjWtKQLBqdvswaqsmMiZNtTdyV582A,959,1,1,-0.06766430227237219
4KqMWct6dtkvrmuNbaKFhSvMeDhWXyfXyzi35L3hMNzt,960,1,1,-0.03724903202504737
2pkGTwEta8p3dPeNagkAZWLWocTCEG7PR2qBRg7bjxFF,959,1,2,-0.00038112400443546246
2ppSvaNA8Txmz5Kiq48HnCnqf7rAM97K2Tzp6o2TW4Un,958,1,1,-0.06996970351095255
2qVs2Vn1vN8k47sRiENMjDzay3WcQqbtTyM1AFKK78Sz,959,1,1,-0.059022181112626804
2rjnszC9iEZdbiMEstbkWzgritfqvNhgVZ8oBoHn8Bai,960,1,1,-0.07760025886265787
2stMcQ7pif1nPU9BGYogP9NsRmpKobxGnF2UBfLx86w9,958,1,2,0.06863128224737558
2tHQKtHsWZifVEH4TWm57yuiWvdWoB4k6iQPb8RypbYU,958,1,2,-0.04299592114443307
2v2BqfFb3cmmKGPqvBdH3atYtAU4bWKKgfYTnfxW5gqc,947,1,2,-0.08217685687779586
2xRXtncSAsx4SAPwKYGoxfQ6MmkStA5FodH2BDkhs4pa,950,1,2,-0.015381284165766895
2zic3QdMbxHpa9EqArv8CyhraMxF5DSggUPy72h5JpnJ,947,1,1,-0.07117768941196978
32sm5uSzGM5UmJGWbqqAbmSR81CtjPXwFG1KNq2FNubc,957,1,2,-0.06737919938851089
3397MbuozXarMUqTS4es3zChMpwxam3kmQNsa9eF86G9,955,1,2,-0.021567535484580125
2pT3dheYvydHwa65n3mNZHwoh3eokBcHyrgDwLijUiSo,960,1,1,-0.0477867044758451
137ex2UboPA2UTdHzNrmvYKSUc8y9GtcEYLQeLYFC9r2,951,1,2,-0.00025631052404537225
1KFNF17GhoFA3Mw8zuC4JCozdL3x4257cW3irk6SVyL,956,1,2,-0.028385758134664707
1y12D9ZUwrWSRtiefSZudAyM65tK1B1QiVScomtnGDp,957,1,2,-0.09951794880128428
248fmzWgJpjnT1RgfnLZd7JYZ675AhzHhZWWX69buGos,958,1,2,0.512928360449898
25h5V4BTgQfF8yQZPVJXg6uu2wGPFV7GFXBGj5fqDVgd,960,1,1,-0.00530540768777038
27kRsrcwr3rcPiaVNq5CWfhKcZLz5papJhzhEgiGQeGJ,957,1,1,-0.071470631196624
2AscAuKWZ7d9pC8vzQsSPdwqysXHfwx5QqvjYLkKQvZT,956,1,1,-0.22093609272321402
2Dfy5fFwxbpLBSX7caMLNCnzvLmowNFVgmkEhN3UBq6c,958,1,2,0.000833501813448656
2FwhxJmXtwnJ91tDKj84dheKqwF2X6CgJCNWaTz71rA5,957,1,2,-0.11056629649464522
2GjYoAHUnZtUSoBiYD1KtDgZqtu45M4GpYcQ4YdUSxcZ,957,1,2,-0.03402161680015614
2Gyzhvkg4xcbVSoKdypNFfjq14WzN6ik8tepPxsKNJfP,959,1,1,-0.02921753507334035
2bZV1gZAUnZGRPnhjx6p59WARRQ7i3GurCtLhTM38Cco,960,1,1,-0.024863567636135286
2P4h1sTxQUy8GhNHaxSWYTJeYinsGB2dWcJM52u2iZbR,958,1,2,-0.020996303051175058
2PUo5Tm5XDSb3PQ3tSu3sEvSTWLpB2Zc15fRaErLVWmr,957,1,1,-0.04524375294822969
2RoqqUYDKc3EQqxBSCgTMkkkkgGur3MLyeLQE67Z72JW,960,1,1,0.016205228401169336
2S73frj5pBzWQmcJa3avcQBCTYdWxypw44uCU6CL3y8a,950,1,1,-0.0011609551706820431
2U5tb1uup58nAbUfn8NTpuwA9KkuiPKZie8FeRxYaKXD,960,1,1,-0.01288692124684021
2UrtJqjmYiS2AN4nmTQMuDXF3YbrFpdf54GR9USf7MaU,947,1,1,-0.06785374576693926
2UteD4mdXjqMnKvHHsEguZuAgVvs5wANndYk33YhbXEp,957,1,2,-0.07462149834294607
2WuMbYwQbAdJNeaVtptUHHubCvgDQ3PJ3JQc9CKHme4H,958,1,2,-0.0898762451109203
2YMM3oZ9g6Dw4MBbj7yHQ9EaKRAKstDTMdPBk3LmH7hD,955,1,1,54.71289535999972
2YX19tc1rGaVjZ3HJa7YdGwiHsFDezyAXVD2HEt2qXtB,958,1,2,-0.15507637510900452
2b3UsphTBYX95X73ocmjhDACMY24L5qSRAo4cbuotzUY,952,1,2,-0.050188082319557736
2MT5KbvLGEi4m47dSfdgZ1UkftPAzXGy8Crev9Jd4tFd,959,1,2,-0.01537989088143732
3gzFb9yVkKn2smT5nwAwjFjoGLvohXkHLXpT6rxhEe7m,957,1,1,-0.2642633754411605
3hM4rRQnWWeqEEtcdmeoufuKXGjMdwj39XJhwsXZgns5,946,1,2,-0.00762880797538501
3hcnFtkRvt53mThHmNQnf3a73ZBURRu6qbmp71sco4Z1,958,1,2,-0.10865762161445414
3hfR657Ax2w5fBweNx9bJB7TYqDiyzHYd4wnrEtt5Pv7,958,1,1,-0.08277520236804836
3iRjYWRY6aweFND2oZNXXi7zrdWohUrqqXNzXG83XPRc,958,1,1,-0.1484210341725234
3jWJuzoHkB3SqbZKg1RtnyLjNAQCfcTwBAK9GfSffd4v,960,1,2,-0.007025905451733261
3jo3TZxGNX9dPH3SaqgrX3sB29SNjKaTeAWgnzK1n7G4,949,1,1,-0.1736264936824039
3q5Fhi1NQCLSkMCL48KNFmbGpgqyzfNNmkoZEkJKBi6d,958,1,2,-0.001843064714604492
3u9gMEUZKDdTdZfaaqB4XypKqoWftZAhebVnRLWjTk3k,946,1,2,-0.08079774235052017
3ve9Pa4MsyVQuTpeL6kTbj2WkAZSzSCZajVMTtWhkZod,946,1,2,-0.0239886290906699
3vwYbE9yCxjtoDm97B9ixKFJ5DyNYwUeDxy2YPmamrTc,957,1,1,-0.1204219499976622
33DqUsiz5iUyGnw5gtUeL6KGqkThYBihvfvBiFRtUBbP,956,1,1,-0.08497458434304495
3xUVN7DGGTGmk1wUPTyMRAgcmJ8koyqdTSbofQm1KZ37,957,1,1,-0.060356149907745404
3yFJ2pVeNKKYXjF3VDEixjF7gQJXoC8e3tEAZVVBUXYb,958,1,1,-0.0023793000725939872
42rkcfVfHXBry4G5RR4voYtGdnPLk9bN2JoecUjzW7t5,955,1,1,-0.02709908458114363
43HxRuVDqAhN4NrnBmhuDgx2QJKb5pnHSkN5xEjiCwAN,959,1,1,-0.034166648291620305
4AEDNXqL738iWTe4xQj5VyEXWiQxQJwUvEtPnuGNrj8e,958,1,1,-0.02182011737155376
4AqFB1qzvoXVVagfPacdwNww8qZHPVeXMur4mWxcVQbq,958,1,2,0.002729359526548736
4BDpDH3GxWb9cd93dBMaHA2cA6o2uyBC2XbZrb623uo7,954,1,1,-0.12176465298718853
4DcoH4n1trH1XKHhFr3Z5LeSjhNGjnMURB54hFEboRhh,959,1,2,-0.07356404815101136
4EA4epFBqizQ43GRXdpeL218HF31TsSFmnfvCCtvqzx3,960,1,2,-0.042661290771057736
4JLutpnQQrfrHAwg8FT75ttT3X6RaRrEbQfYxKHSo1vx,957,1,1,-0.013533536892587628
4KTjfGLRJ9ABcurqUviSNX3ftzXL8QN76BKXpzLQmLJY,952,1,2,-0.06924730196737006
3xJydtV4TVL85jJqiStDav7T2cGmnpjVdUcxynKVphWF,960,1,1,-0.01651501680826173
33iZuY1NjnfF7CQ1ALtrNTsXBiMGJHrLQxrBvoq6ZM1A,958,1,2,-0.030328387735574225
33so67Y2ZQpVZCmf3M4tdMLR24SPNDYkpbyMwFtEJA5w,958,1,1,-0.0006268128066255763
36VRNt626AgkNuU4ZWuW59gyPdVX7fvoqk9C8zRoDR1S,952,1,1,-0.009494302156086154
36gm7RXF9CYCM3vaM5cWL2b6YyuxhLtJCT8LM5KG452W,958,1,1,-0.008647948675162276
36pazH2kva3B9y9eyxcepRdwbv4n1QW8k2oH3r5i9SPQ,959,1,2,-0.05545089751365584
37Bo8xegDCFx4ALnuEB3ErxR19ijBwKV5jPjak8b6g3t,959,1,2,-0.03567734806839695
38ADvo1TUjq3rdPmXqRySHhKP9wziYFteFTGcZkbkKzs,959,1,2,0.04691650629394917
38LjqbpnA4VaBXMYAVw4pNb9JssNjTcsiH7nKQZtAv9d,959,1,2,-0.036184644046414194
38W2MbbVEGGiR6EYmFd6pnVSgWaNs1NiH7x1vSax4yCo,957,1,1,-0.024900220336391277
396jtsEANrsHXwaavosBYscGZqCsCxfbaRLgcKy2BqmR,957,1,1,-0.013075903825825463
39H2qjnViY5Q4h1gq1SBjAw1WkTPyNo4DwnU81SK3VmH,958,1,2,-0.03545586303045245
3cniSV9ncgVCYKF2doFb3kMYDDEGcXMqtLSVdu5Ct8hj,956,1,1,-0.13414974003364222
3DjrqumSKEot3JvBugvpAtTEJMYVvocbG9xHuUKMXdsm,958,1,2,-0.0454684679999362
3LPv6doycxpEtnRbkyFt1rvHogv22H1ovTgt1REMmok9,957,1,2,-0.024073841125576978
3LVAD4HZmnvxZSThLPcjJoQG6LbxJEMq4z9vBrXN1iaN,958,1,1,-0.02539228019539319
3MkWxAFfwkr4aYfAnsapE5UPPiTEU9XZnTcQ5AE8W2hX,957,1,2,-0.14812187296384227
3N9BQ7uChfGCfLHiqVvdyptGukm2jJnJH8z1vaxD9zZs,955,1,2,-0.011649328751736077
3S8j9pKCkbwzWKYk7M3pVcZY831RhEHratCnpPesbzpF,955,1,2,0.07421442824148805
3Ts7YnubjmhKhPLAkaxvDRgfUTCkKJBLiabB11N8dEvr,958,1,2,-0.010832307731256097
3W5ibpsXPU5VfWKh2g4Dx8Sgt8d8S5GZXynSz9CacLCo,958,1,2,-0.04024485696633606
3Wua26tASDrWJ5yUwHT9xmudGZNEV2JpYBGJwkTpBoAi,956,1,1,-0.4154718035117888
3ZfLmrShU3CDZjkX3AxpszBjUGjPYzM1UgsdgCR1m6Nn,959,1,2,-0.03551198716681858
3c4JeAfW3AKDXjB9PakguziYoxqZw9qZsyaBpvYyAAaY,957,1,2,-0.2907388415005929
3CUwbiKiyU4ewrmVWop7vRnrcxFVSGj7E5zRYnSAmAkP,950,1,2,-1.0852008571202632
9KV2ffyKSkotEpte8JMJB21Z7ZiRovARV4NYQCfYf4Ak,958,1,1,0.0019326385769735666
9L52tKwpozaVkriiUrE4VcVXnmDUzLJrEVUMfXYY2hBQ,956,1,1,-0.029059715704354838
9LWrkB8sT2B9xTzTiF3UuWzweE88mHFdzXDqfvTgrp1h,960,1,2,-0.01127492303872546
9NH526RruhnrLujCcCMNvepMKuksLMdMe3sz62TdQUoc,957,1,1,-0.04157973242834179
9Pe4nSvJiVEAp1zDTKR3ocEe1DpS2umeBf215pFRoD4K,946,1,1,0.0033829449780087284
9Q7jpydD8nEaZSMQzYmuZCqjdbM1HDryHoG9i3DeYcLr,958,1,1,-0.07493772702516832
9R7AGtEwwf6BDCSVBfKRG3avbAm9qU8pxH275K1pphtT,957,1,1,-0.03036642580302673
9S7fzWmMkgCd3yEDgpJvrCnttXdDBnbAtb4tWZooEzCE,959,1,1,-0.09746307440299695
9SCph3xySQvzU2d4wmVAsDT7ieNGjNBtQRJoWCzC3SzH,959,1,2,-0.06508934455548454
9SPFWxRkKzXMcndUkmZj66Svfe1ns4SuSbwmmmopEXsS,959,1,1,-0.006907431618952409
9Sxecc4qtmMYXuziW64Y5ASkPsyyjBPHnfrc6bwWHauW,957,1,1,-0.029697626737242855
6qdaRZKMutgiDenQXZdRCBNSJd7xZnCG1A3jKSM3evdi,956,1,2,-0.017224550424735363
9UJkuEfq5YuGHTdbFaSxvN7TWncJrX3yNaTueUzGDSrg,957,1,2,-0.0045803654021142615
9ZrCvY5hd17nGLZtQoVjJTdi2FHfv8wRqwNgxKEs1hed,958,1,1,0.010491473397480355
9aS8xCDJnzVPgakQSYMhaUtnRPeYxvdu3DH7JhtYDBwo,957,1,2,-0.1728411054388701
9at9BRjiNyEDhyPtXaUdtoXTwGJuhutgWqqMoDj9JbkT,957,1,1,-0.11820146936978304
9bcnfgEyGybvNGtqvuU1Ywe95buScxivnSyk25BUHkCu,959,1,2,-0.047784283584166865
9daaAnqbh6cexcMqwaxWwfKE26aTyFYMsVNFnVjJQkjR,953,1,2,-0.008465859255940567
9eAGVVrSXfSMZ2zCkfMSX85B8rmQY9CJfiXQwDa1YQtB,960,1,2,-0.0004303760233176357
9em8UsSRaeLgVeTpLTJSiRYL2fgodo8cccYjdBW3akVD,949,1,2,-0.017112624516770758
9jNC1vPapHgFuDrJgZELRWtmMEQUiswEswLudjTeDCYS,959,1,2,-0.03793427629379065
9jXRyR562wnGgw15BZpawB2Cw59tGibkawWKsvQv1H8o,958,1,2,-0.07103125551427336
9nQPhpF5CQUHLZpyLzTCtNdmgwYKMxPPcu6uPBZFW5sj,958,1,2,-0.08292805768590039
9T8CsMogJqLVHLQbvs3UaYmBV1NwiYAauTJ5Uz7R89b9,959,1,1,-0.006629159170521426
8og8RNugYNJkmPwE5oio3xZwL9p379QXchn9QwrP2E4w,957,1,2,-0.07394838471010967
8p71J9WWdRxAGQnvXryXj1PpbmKeNw6jwssxEYFFmSdz,957,1,1,-0.004500335896452795
8pnnxAzqTLKi7N1YAFbWYAnTbFeZKt6gFFKuvQ1uUTAk,957,1,2,-0.006360400432602331
8t6NozJdb4ffRE6MXWdTSiiRiRfNC3wGbkCbh54F9AZ2,960,1,1,-0.02354004801510795
8tmuqWG6NpkVQtLMcFjnUpkP72LLhWsS5w1Sdxc6cyrV,959,1,1,0.02784348145310922
8uEGQH7VmLQrk7WL58s23SAsSqcNtetSNu1UNZSKBsdM,960,1,1,-0.0007110875893015511
8vSxqqENCVz2wsUGNtiXT46GhfZmyNgDnfQTdUMpXRmk,957,1,2,-0.256341967113789
8yfYohsARMHLdREriysHTqFdvtVcBB78syuPf1VhmyjQ,947,1,2,-0.3336216115373247
8yjKn7s5wfAL6feWMUy5matSbHvHvdo4bPaTVKsun66j,958,1,1,-0.07868593022423154
8zHGHPH9aq1z35pEAB4un1DVWAhBw2jpQNjosqju1oH9,959,1,2,-0.03631990038607924
918f4cYVSigwZmDunHosgcDY7zJGQh3d54PTEvfPmEWV,960,1,2,-0.0004136840228533001
9K7jxnJfnxD5q3Z4ao6NRLURrsCZFgJ61BDu4wZaRnr4,958,1,2,-0.0006571574822020199
92CmJDsWCL5ePKcE6VhNYoQ2HvT3wtbSkK6ERp9NbQfv,960,1,1,0.0005904879971868615
92UGvBDty8j4cayQf5RfRtUUxFTspqkzZrWyAN7NVZ7Z,958,1,1,-0.012276556023518848
98DDcvHzFc1VUV6Nk14spdFNkCaAGct6oU7d4tNCZcJF,946,1,2,-0.014011280278914962
9AvAa7Xcgip4mq8ixjmEPLo7z1sYxmCE712YZAeEH6gj,957,1,2,-0.007809206991965245
9BbAw2p2JLXqxWUkuSTptoQ2xjScsE32x1cTLwtshwEM,958,1,1,13.42067496000002
9CLNVaF7Dg5FvUscSzXxKqsbQUhZs8av6AEEEkypXrZH,958,1,2,-0.006321863040238407
9CSdVsffz2e1xK2xpFD3W6WSz8RdoUDBCXBwWeRsLsSt,960,1,1,-0.019551259869901028
9DbDVaVv3SVW17UZ1vDvdmZB85CeqvCQvfUyKLW6LUZM,958,1,1,-0.014622614635349529
9EC9EhFv5KZcCCurV2F5RMYvFrofxdndLyrfTZ1jtzVd,957,1,2,-0.20683099097523083
9HFJSFNkk5K93Sm5niFmmbnmKgLnMdSh2g8rfqVUdY4P,957,1,2,-0.09468910635352934
9JkB3uco3CuXZcZLYBHas44Lna5fp6zfusKytUHYJLmR,958,1,1,-0.008024466548407494
91R2SqhM97Fxq5NaZvJy9VvKzFwrttwehXtsqEU9LP1,959,1,2,-0.015007163799691803
AHkCszuaY6QKNEFnXZm2RaB6aUFKPSFJVyNwCddFiGiC,953,1,2,-0.009763375343896374
ALzVHHNc9qVBotYk5zUGXgyett1Zr5cC9CgMRpoN7bjT,960,1,1,-0.000609705076164424
AM4zbDuZzv2PbwazVNF2f5vuMBypSueJMAXCTHxUZ6Gu,958,1,2,-0.06272174517353513
AMQSLtneRV3o7zACzy5BgVFs2TE62Wd3481k9cg12F5W,955,1,2,-0.043371954841289195
AP6uRYn5U3WZuASu8xoWkpCt46r8jmK6RsWLHmUU6o5P,951,1,2,-0.03423130450144973
APWRf5KCyjEjxabR8XAAhE4fy6XWHe8zDhwfA778eyQ1,958,1,1,-0.056804677230644085
AQ5KZG3H6Ltvrd6qkLG9yvnxK6DLUdKz77i7QDpaLEV3,957,1,1,-0.1669630854612425
AR2c1Fsp9KFvX2jwaBtLtPmywEYXHBSwrkb4LrAtaTH2,960,1,1,-0.0002039465880132596
ARMsnEX9mgp9TvaGgWpTCcKBLPWzbSvW8FZwLy9qmVj5,958,1,2,-0.01650640869087172
ASVV3ng6V1bc1VNWTSuWkZgUbkpmXJcoHabqoBBBW84g,958,1,2,-0.04630321999995246
ATcxyh5hSicEASJmRjnPZ6vhCNChkjpxsD7HxjjNhEJ1,956,1,1,-0.017593134835588997
9oFYXnaGMREHz25oPSUcCnswsA5DznC5Gh5vVZD8sCgv,959,1,2,0.08829653149601491
AVrwGHiqEFu7ogwjmvTsZ6PWBDD6mah8SHdn77b9jbFR,957,1,2,-0.3730275736520916
AcCWD4D5YksDKoLh6GFgoVU2BeEVAjZxzzUVZSgMPBZr,955,1,1,-0.4849870343446039
AcTHhyHvT72KT6miUuXnQVW3us3VawDfXoHms1yL2Ty4,957,1,1,-0.22631219944176273
Adx2JEhpcThWT47nDazN5adFz5xiS5aUgxajRqNfUAYa,959,1,2,0.6341875372568584
AeCmvRTJEc1j2UjQu4eoiu2eZVFcqhZGQ2KREZyYodbs,960,1,2,-0.1290565253945708
zvgWAg8yTrWhXUUmzHD3V5zLtut39HZu9U3yXzMzsJq,957,1,1,-0.08149738382114524
AezbUaTQd6s6Dsoy1XdEFhTLhSZWPDxNQ1Jdx1SRwUMa,959,1,2,-0.053209356349985804
AfTGmjYPvnZsuY81bZ6BwLrYr7azKF62biyp7uxhL9s5,957,1,2,-0.0073290155780844635
AfXHykbPUQYH6WEGXKgSEvFB3fb8swdZ6eh3fFLAcar9,958,1,1,-0.02198212808358191
AgApBZANLyeMFyNGYReUKs3o3guz4Ksnt5N72WcR5vXR,950,1,1,-0.32830435878734576
AjACj5WYakaibUC14poeKu3AigJ1zkmzgzvco3t4juEa,957,1,2,-0.03501373075396108
AU28uZNR1DkzyESNeaafjgestRy4Z1xQV7zKUBykksKs,958,1,1,-0.046949957806967646
9pLUHoVQFyYPAYYHfDEU6EqWo3nPSNsSxumQy8xoJnnu,960,1,1,-0.0013311230131175106
9q1oQiewtfjmhrhHd6rU59ePNyEp8jkuXHRvYvXW7eUo,958,1,2,-0.00019536122090088592
9qRPyvuespysVzRD6AsovitmfH3u96AtLVCwFgzpC4eV,952,1,1,-0.07983956035651829
9qfXwyYdy8UQS6PVeRmUtM24iKURMjcSuU2dmzQ68ftn,958,1,1,-0.009707335283842822
9qqtvw4geoJqTed5sCSXPkVtZgbJFY1CRD1eXEsFZQm1,957,1,1,-0.27417951397487705
9sJjfWwuHYm9semPc3LLzkfkdsSNPoEfhWmz9S8BVrtp,957,1,1,-0.056480248073349504
9vCN5tK56r915jVf4AH7Ei7GAgkThypB3yDQ5HWtRJhC,953,1,2,0.00020559302735728702
9veAXepuVmcMMr3XdYLV6SMBM7XqznKqFDa2kYKgwkic,958,1,2,-0.010030082086604497
9xqSgznZ9wH9g2uFE29sKn9ucjenpp92oNZWEGc548t7,950,1,2,-0.052917600350137484
9xqoEDspQTCi82P15hKtgqeuio3JWzHjKRorhPdBZ8Ax,957,1,2,0.6831007903699282
A1at1Luo65CXDCHRfxe2h1mEWpgHDmgSgEEybg55AGYc,957,1,1,-0.09481300647856461
AFwuGwChBm7AoxFbBKzwFinwV5U9kVNnXu3VsGrdeALu,958,1,2,-0.00798422503147267
A6Buw6LKGLnsTAJ3b7yaPhcfVAqkJWR2RYzrP1XSPa1S,947,1,1,-0.03579215872000718
A7ZQhvF4vHMKfCjG1HGr9TZe9RsR1j17Nnn9saaxJ8Q8,958,1,2,-0.00017457750983218556
A7puwnzjYtytgPipugzEtA3keRPsAgCQGiLVMLTVKn2,952,1,1,-0.0660161741391696
A7seLKJisBTZz1kzCB2vg2cLb4UYBTndYDdC2MWory8y,947,1,2,-0.1844294266082347
A7zJ31kJbir4pv9mSxZEWRkw5m4WFi3Nu27yyiPF2cw9,960,1,1,-0.028640285135497212
A8rc3Cz8jofh9BX4bH1GvuxTQvuKZAKUTRT6qUS2oEDk,958,1,1,-0.10323055963211925
A9BZKZsCT4ChHcVSxtupWNvHDNvEBePgfi158cPtqxt5,960,1,2,-0.02603355146861719
AAx2Y965eFVuWjmqAAacbHFcH4FZvriLuy1VnzmKNAbG,957,1,2,-0.05608279357220969
ABxpDnwnQYtT9cf8G3WGT3NAhKxRfRpRGhM4qw5YeUZy,957,1,2,-0.09407437545017494
AE2YxhM65QPYr61LFVrUxc41n4me9FyGNmRftM1bNJpe,960,1,2,-0.05290852062736384
AFiSL94NxyUqoRyWqxcudYL8knbq8HKkBznbDmtaGeL4,957,1,1,-0.019393620952833923
A3NuFdEfaAU5zy9K6jiiMbMw7QAFuKAKdniXyneoBF5k,957,1,1,-0.13904382545538496
7SBzQaFe7eaRDJVpKkGtQ2Sdbsi6Nq53v1UT48awgxoB,960,1,1,-0.00763957449702618
7TbDsxajS3QCe7C6PD1dB7cYm8BdPmZbtVmY3NdPAAut,951,1,2,-0.15158465939544286
7UCQXXF95gPivLa5iJ5zcJrXJVQo9b739AWweG9XSq78,946,1,2,-0.0730640367126445
7VoDVP9VRUk8jp7Pqv8wZjoXGcrL4F7fxBoG4A4LgYS8,960,1,2,0.00319728956104659
7XX2Y6mXtFDSSLvgKJgCG9RfZ3zt5S867Xkfnrf6Equx,959,1,1,-0.02340368682536953
7XXMGwSi3Z9KFBmfXLoodYx5sYqHEMWaQqSnP3LKSbik,958,1,2,-0.13095287536454503
7ZwyMeMtdygp4LJRTzk4VEzcxjfMqhTrJjigWTNYRCSg,957,1,2,-0.044811935712170126
7biDMivLRQVu2m2s8w1LP6DEqxu1sjsTcF8W6fEErhXx,959,1,1,19.558853759999977
7cnDALurpH5mqakzXSQrzVkPFPjrGqYUXbWZcvtHzGQn,957,1,2,-0.050215242315485575
7fhg2XjHLevoxzNbvvDVjsL49EXPFu7ZYBjamAoXX7Dx,959,1,1,-0.07675741205256825
7fikMyXUyP12pG34dC3Nh2s4bmZycJ45FpEonobjNWSF,960,1,2,0.02261052194719282
8nXoic6SisPXMoVkT1NgvkwqNWg52Ve2kF57eUQPrfpU,947,1,2,-0.6956034272451461
7kEfD33eJdjPwTCCzvVmn1BweEmgy5MR9uGMpsMYTo5V,950,1,2,-0.04569364232833939
7kYfQqmuoVwPpGLs9qT5K5AVEirYzQpbcFwLk3e7XEzr,958,1,1,-0.1701632961153976
7keRA9FkxDBGgsfSL5NY1SDCzPL7d4enjstrkdLPpbVx,958,1,2,-0.09193758119153905
7mPgbMkG7M55zneFwnRcAh68B4svDiT3TMq6THQXDhuG,957,1,2,-0.0034355238856365045
7ms8jutV2eY4p1msS7Y9a44C13cbk4DzuBANdfo8wZww,957,1,1,-0.30756589047201466
7pizsBHbrYmDvVgBaD1RmMfGNaoa5LnkoMtooN2YD8aM,957,1,1,-0.07372013609538985
7rShuY3YXBnGiVJj7vFF7wffKhhGdWzWNUwCu2LtwcV1,952,1,1,-0.3380501319626372
7rgYhdMoFwjcKiamKw9cJzWyjJgPs9cyEzH3n54KhtvH,957,1,1,-0.08454779197429207
7uNBXAjC7eUztdh8Bz1eBs7MkbdXtEfcX1KNYZkkN8bG,958,1,1,-0.10484591834334367
7vM2ZvWPpLRwVQ7VJZzNU5eJzpnSPnbdcSZ7Nk3YnkGG,957,1,1,-0.10394505035351109
7vRjHzKLbYpwT8gpGZNJSsj1XXnW13vtSYC7CTorUi8W,953,1,2,-0.0020005657355963435
7goUj4RpwmkGhUno9m9xiKEXbHKTDxvYQHTE8TCHL1AK,958,1,1,-0.02907087059811242
6rUv4R3C2qkk7VSgnEzyja9CFo9vVG4yVHZ98PexaNcK,957,1,2,-0.14491249541451978
6sWpmeE981nNHiWhhrk9pshYxB4z1kp6ihRaywvbEfM7,959,1,1,0.02116875344524649
6tc4kXzAyakvpAoYYF49FNmBwignSZE1EcvREdnPGArr,960,1,1,-0.00047804633964639714
6vEaWku13b6rTbSmmnps1pKy9QAjmmoXaqUt2ea9x1Yj,955,1,1,-0.05954862018670459
6wGPxp85BMPH8tYaPSGhH2LaqFeTZmPUWtq19X28HHuS,951,1,1,-0.0067084760195898485
6xEYvSBo8gk5sNdiR37E7V9E8JxiQG3mzhBqhmptdTEM,959,1,2,-0.0213117355878234
6xFxwR9n282QcybEKJDh72YB1bcjziFp6syWNk1aEyvb,958,1,1,-0.008228087823020369
6z5XXL9iPmHhRY2GV1AEV8TZWrdyvCS8Ynd3X6uH8uaW,958,1,2,-0.08791979925004245
6zgzKxtQwxboL8pRiTXE5DXoXDyF7Dt14nQQbnjCux9p,956,1,2,-0.0003778865662616357
71ZLaANXwe2WLghFe7o27QUgMyDHE6MfM3TDWMxiNbT1,958,1,1,-0.02591446833278832
72ZoLVowugQ4cZTyEZv1dkjnhtHwmZ1fVPCkm97P3gYi,957,1,2,0.09259206316997393
7ReARUamwuvGT3VTD44diqjgrX6vBoPrk421iqbEddHP,957,1,2,-0.07620744562315096
75SexT9ctjxnLDUouCamjYwGuzjgxjh5CeiLSf7wFZTg,957,1,2,0.013413280007332218
7AFv2UQ8VsDDTt4KybLm3wVKR9XwGq3MXeH4C2bZjwT6,957,1,2,-0.005327929352770544
7AuC3RcPLToCsSCo8QiXq8KBFdp4YrdxyQPgMEgycrwD,960,1,2,-0.06462695791695117
7JiJKy9Ga7qwfyY6QyVzKqZr3HPP1gEsxeGgyoP5LewT,956,1,1,-0.1310767523963996
7LJQ8E4rQdgc7DEt1QHUzGjqHxyCswmAut8P3UCqXaQf,958,1,1,-0.0033711899828203773
7LLJKc3oSykz5pdajBbKayX2RGUzyuk3AmaMTFuEtwg3,950,1,2,-0.14839036228788238
7N6zEmaevD1xzv5hhgX4cAAVR2aFdkdhbpwYU13JSZp,959,1,2,-0.006426383702930194
7NWUPPrqipdTovUgWcfxZdTNd2zRTaVAtBsFpdgUZ8C5,960,1,2,-0.00037695920271890726
7QGoJSCaEhPc58861eVbSHtHVjdC2wnJNdCSQdfWpoAz,959,1,1,-0.1382114764757869
7QaLVjcKgS8nResyH2McvGWsBinNVSXRNHYM62zakNmi,958,1,1,-0.0648072195655458
7RHeDJng6ZdnHRjGJpFNa4qNGkNDNf8uUhQ4UktwZuvX,958,1,1,-0.0004117436750508685
74feMbuD4h5oZXDi3QXUZXweZsNumKC8tGckJwZdD2sU,952,1,1,-0.5116608543200662
8SeGinnQWY8DXiJEZeqt8B6BuZ7w6nchqpCR31hswR2B,957,1,1,-0.0744832273313123
8U7eN1oddxecK5MVwDmjxoeRc4Zw5VDFdrKorRFScQbp,960,1,2,-0.002405367203350897
8WHupC2rUvzMD9rAWmAi8rvs7eRgvKDHcLQyM86kFeH,958,1,2,-0.01408303786244458
8WMfC458hJYfp3ykn864scvwKhd4jJU4SNNZwJKYU3zY,957,1,2,-0.04950704970373643
8WobSoqbzXmrPD7mf6JRg4eepmAJmczb6rm9eksZL1qV,948,1,1,-0.011866179301051882
8XnR9uvVXjDsXjBsz9Z4PFNk63461LdzojJ8cpb7XVjj,950,1,2,-0.03830842318039096
8YLfcdQFQwYuRs19smWgVFDsiLRPw9XCUokWuRcUQA6Y,957,1,2,-0.20062433492702425
8YvkWWsRUP6AedMRAmZbsPyTQgCzPwdPyXHGBhkymK8R,948,1,2,-0.014000606141383876
8aCBZTDDPRJBZzFmgRn2mfxfTiS6MYafe9zxRKbvq6Qm,954,1,1,-0.0015920952820164258
8atNpmYQd76JRg8GhSzZ8zGmVHkXsS2ydQVkRZANu4ot,956,1,1,-1.862093444288
8bswvG8oGkdkzjzeC6mNCRrVRHX7k7MKHCZtbNiZV9Zv,959,1,1,-0.22270849896785183
7vrrcqfg3V7CkKS1JbyCda3vQTLLjwfvJJM12nUW98eQ,950,1,1,-0.011299122685475282
8dAJ9ykp7sN8CFATepQgDh8BcR8Hg1bdZ6zjPJygn6a1,960,1,1,-0.016285205278989134
8evxkb497vJ5S4rMkZ8NEoZBzU37WiJkdpED8tCZYwfX,958,1,2,-0.08915032637005549
8f6gR8YHMKeuvuBJx2qwZYDoNemqhAjpZ82EmvYm39EL,958,1,2,-0.0005474531275373451
8fkAVyRWw5WnJQuyb9KhoGaxH31pFJrumtrt6BzsRzQu,949,1,1,-0.014772957287746136
8hZdXg9m1xLMSPFCmtkAEYU4dnMSVZ6EZKoQcKMhpR9j,954,1,1,-0.27243950020546137
8hqr1iLswZBKRVHUKcXypEsM6945S1tTu3N7X5BBgNU9,948,1,2,-0.05798799248084796
8ipHquPB4ySbjRpaG1sxoCkaTgzShSyAW2PhCKY94aZo,958,1,2,0.04688386078396167
8jpkA8un2Ys428ebkHzkEPQRMB3JaZkrdELEsBnrYKxw,947,1,1,-0.17525036709463926
8kmSUESRhCY4LRoj5q1Hq9q67MSwBMbrANzv3auCZt4j,959,1,2,0.21042041817305623
8mvAqT1AWvCWqeFKhDiFDzy16jALK2x7nZwrYsTuKS8Z,958,1,1,-0.013608619912744424
8nWHFnwawADuN5CoYrG4QDPexDAPWmYYGSNjhmvGcNqu,947,1,1,-0.24942755628064361
8bvmrVo5QxE6VnfcEAXdkwVHz7wjnm3ZqSp6HhuhGPoj,948,1,1,-0.07481845018424194
7z3n5PVGGe15EGLKcdjprkExchaR5XzjWURpdeEEgWNY,956,1,1,-0.08064826707942174
7zLvhDiTg628j1q75tREmFpaZGwH6huE2pFvjpYUvd9s,955,1,1,-0.05682934886178659
7zjdZYiNuUZ8w2hofTkQCRQp8gUC5RTZ5RWR6aGpQ7mj,957,1,1,-0.16329640583790273
7zsN7XE7kAa6fhbxX4struR5LYkrqTJfypn2Y2pPtga8,959,1,1,0.4762825187060926
7zupV5uf3B1n9xp3sPZtkiYDxKkNeLFNpPKe5AzSM1eh,947,1,1,-0.0007920140416817212
832unxieBCknWKew96v5oYYQMEUriuWNvY6Sfv8aJ5iw,957,1,1,-0.17157133836709804
84cmSPMyptJNvoYSnXjtP2ytBNcRpd341vuuk1ZUdgJP,960,1,2,0.050510726160299946
85iKYER3QYtQ5jZQCZN2UmY2uthxUayTcgN9sKLZoZTu,957,1,1,-0.012589346904606225
85jo5v2Ma5Hdc28qy1MEzQz3vqn38KkCDXvbySmsTxep,958,1,1,-0.1319707467671405
85pyvsSgQYzZo2e4fM8UBLuatpMgBwMa9zzafuYtM1Fw,960,1,2,-0.004231756047721469
86jZi2Xqk2KMsRhk1kU8LtLRg8UD4DQUrQnT1sPMRUBq,946,1,2,-0.018943430679111417
8SRwVnDhsMXrtyPSWpFSJpTXmY2qbKp3GRiLhWu5MYTq,957,1,2,-0.022715641934122344
8BzPn3cjL6BKnrNFHG6mEvvnuPudYjLyGQ3gPubWRfZd,958,1,2,-0.09267451633859558
8CDP18SiuaWebnyE7YjqFQVjarjer8xVQAAz6aF447Mw,953,1,1,-0.01943507577284065
8CDP18SiuaWebnyE7YjqFQVjarjer8xVQAAz6aF447Mw,957,1,2,-0.010094165639195074
8CcX7HhLPrBoEaDUZTuvmvTMWjx2Hh8uXKcDqWfioT1n,958,1,2,-0.006391010073885095
8FdBm8Nw4vHA8SgTM53XExCT3w7aFRoAriNmmdF511yj,960,1,2,-0.022839016065763218
8HPK12gsRAh9EKhL93ZohcKpqctPUQaCWfoQFon8eeQ1,959,1,1,-0.1832424194622373
8HoPpzN5mS2Q5sk1NG67USbq31ESmXsvops3B7aaxtyq,957,1,1,-0.08230737049595316
8J7UGBKQ84c8VmxsV2YtmvkKzRqGr1tfwSfJTrMXCdPe,959,1,1,-0.019365893686140723
8KBiUFac6pVkmck3LX1EAR3UHGjCVfQpYAb2rfRqFTwK,952,1,1,-0.03362553991537509
8NTVPv8tVPWX7FFHhMzaVs56Zu7bgmQmtquEabsccUo,957,1,1,12.531625760000011
8QGaPnytuw3BnvM4BfF2fRBFSY2Coj6XGJtP9hiCe12c,958,1,1,-0.005016244509454398
86qGMxCViGxL8jk2SB3YffPhwCy8Qn5NmoJCqG9u4TSJ,955,1,1,-0.04335863808030194
