sandwichId,slot,epoch,bundle_id
032bf89941c0574c2064e375e61e691164e1890cc2ea2a120303376264ec0da6,409011644,946,96643eb4f90d36198c4a454df5f4de78bb02e625f2993c775441e205d2ac0209
065d3204fdebd218bc8067fd9d1140094eb085742c83665006a4ef0f91d13a22,408837960,946,f00e1bf491bc02ed7ed71a4eb96eba851ca0eaebc4192fc0e4678cd6ea2820eb
0fa28e0dc3ea066b37bb8267b8d4ce285a5f44ee3c971b376709050a8dc114fd,409074227,946,e6ecddddb489ef04cf78a21511026a59ba6d4dbd90773f8f5ba58fd9fa1eb410
17b08104855625d6d709ce105f33999b0e930c5c8f4bcf42edc8ce363d1074c1,408993880,946,b3a9ca4557bbd27444d1beb96e9747f415486737c3b0ec2952cc461fe4c27a48
1db2eba5b43df6801558e37583a1821ad52e349ec42c2787195bb986e8905cd6,409045099,946,98e8ece87a6d64ee885f2aa199c7e4adb204a42d2bfad47263e1341110cf7c93
1fe0b016e4734ef2b5ea2375be15e7e837c4509c82239c105a3447f97acbaef0,408812758,946,b1ab21f767193e62bfa8ba992a8cfc0ffe3c82af1b65915ff7c646fbffff7ea6
231e47793eec4aaf899c0db0d3f1078e4e518a34798ea989f62109cb7f1d557c,408834457,946,0b38a2911c4b1ce2247dc6631e1905b513dd2d44673616ea3971d12ad3fc0dce
26a4e1caa082cbcc9a6ccb0aa7eb3429ac143a3cd769bcbe93f6a486a8c79cac,408896786,946,003dc8705761bbae712e5bc71365ad0132cc892e5ee1145874f1d2e581785598
2ab1d9f55d99b7d2c886469fefe95397c855e1365f58993471577cc4815f03fc,408854284,946,94633b0c8d84ee634aa965a11df0ee237a8407b28f182ef9153b2cea4a76ddf7
2cac25575148300744f01062b23942e4f4ba4e2be549bd2c99ef6922d604b2bb,408716180,946,014b83229b62d06c61203a6226f51da671ce426872d405a6df1555be60269d75
2f08d52797c7eea502f9ff58fd756ecc6f8aed543cf7f8ee65deb476c8c60c2e,408881629,946,9db992001c3f8e70a46c41f6fe4cb3928b3c4234155919ea7bb8144b51932e3c
4ba9c785d3bfa3f1b4ec54ba963d7bfb081603f5f48a2c02ba7f8c32223fe2ce,408965897,946,59ceb6455398a4f7e3ddce8c2349f22537750cfeb8a082944a23b6d60c7147bf
4c576bb62069a413a8fae99fc4f2c52d92838d5c4d0deae9d3cb8a6ac022e26f,408935129,946,78fc7c283cbf4d052ca4d47013db07589ce9022507ad25646e0c8c64d9cbf2d1
4e7bc6c99ea8e33d6e3142bd4322c1ee27da49f4ebec48efdc032c5c5f100f48,408888642,946,bde4eb6fa52366781b280b0171e09cc76588e25e300a158939de123dc394bd1f
58a0b48061173998bc19a4c009c66b4eaae3ece3021af8a46dbe9f1f1caa5088,408994597,946,b345404ce16e9527e1be9274076a78d0bda6959fcc692fb24a24944a7ac15bf3
625ed5d8642f8b071f4e4b2bf00d955a711e94cd4effb144e6445ec09d03b0d2,408808828,946,8257d221ab0a78a1f9bdf6894dfd5480d36745aea6193b6d8dfe319516884cdd
88556a7c2fc848e6f1de870cfa571c999aef819f91007e0e434817fab1e836d3,408868338,946,c9a3f1b99d8920a4594df726fa85c03c64893e32bddb26b8425f874ae808013f
8d98dea480b9a1d6009cfe750dd20d8506c1a68fdb7f92ca7b4e84e1d745aaa4,408973792,946,5d0a78bea98e6d27ab830aed0f7a376c5997f91e3e6f7aadc2d31201be813b86
a8e4452ba4a7389fb09fe654430cc8da44490b024f1f4884962159f9b1079f62,408991128,946,7a2af4f0e8d4391cff90cf2fc34c3f3a6903c036dcadfff7d91e2056490d92e2
b613e2d731214c3621017634fccc1a56a35b01b3611eebfcd45a193da54f6c5e,409096358,946,e70844ba791dcddb66925abab8a3ead3f5bd6baec265dfedbf8df0c6102efc1b
b72abf3fd9d0b69b2b95ea44740c9e67b2dc3d40f138f0e56c320735cab7c5ed,409054412,946,969c1a9054e7abc4f2db0770e5d8d671ab8e150a84749136d0bed2fcc4d4afd6
bb74c816048ef00bb7259a88767ef9932d0351ae9a5eb9aba8ef8a8181c67fa5,409085518,946,41eeca02b101cce2678897c884c4b64e47059adccc8c9f1c7a7f1830b9e05a05
cc5c66d17dd22bf113323d8c74d9611a37447a58268a9a126b03a1991448c92c,408810300,946,b25c4c6db2a001c7de154506deead998f7853120e18b16274f4e8a10006e4887
d601a29c3c3b5f47528c12778a7a7f395873df8d60a1af02d161d6e8791a524a,409071038,946,03f30073496bc34535df294fd963815bbf7dede84fdbb51d311411139382d422
dae1f20444ca30ae3c99fc8919357655890bf1b078e292b9a650b514abc3d514,408891996,946,58af93ee697a7a8a9a36017387cc12c21194cb8211f6457dd172eeea7a6dfb02
ec060b8d4c59e1c9e65969b4954d01baff2c9e40ab96cfcc97e70babf2af98b7,408860977,946,da8636487aa3b0d398e6cc65d03358c51877d0d8aededff7e0d2c6f7ab89d6c1
